"","T1X1","T1X2","T1X3","T2X1","T2X2","T2X3"
"1",6.89192293142915,4.14976524992175,5.23411613507832,6.45082289906062,8.97385852129696,6.51371050955813
"2",4.18679877284145,6.58901214031735,4.96221051008375,5.21938352929257,4.94872909279275,3.72486233772824
"3",3.15511124855693,2.80089054743038,4.5821884610545,4.32927467932877,4.8327132963843,4.89125670140217
"4",6.36539694558738,8.71039680022927,5.75489716021678,7.71208279572692,8.80734739320398,7.9434408970556
"5",2.73455560581717,3.36221832040832,4.2453551944705,4.34681910595173,8.32498798522009,4.67647150014019
"6",4.55858621267424,3.35285585207997,6.00527693769668,4.44991470412133,5.50620742397448,4.59141148071855
"7",6.22773893834058,6.7333436545019,5.73348875597594,4.68901137977155,7.72165788997865,3.5934092662109
"8",4.1396608859619,6.09797172851009,4.78808547831018,6.87501817602023,6.45480545347803,5.89466820713839
"9",4.91212885650855,5.41399950772841,5.11690961830409,6.84685897989016,6.83923669087206,5.27886011219688
"10",5.16343254331774,6.403793680663,5.32991720878963,7.3227594070693,8.00984680408071,3.89332680791529
"11",5.25146479344568,7.30491884892481,4.86110026062838,5.62282486035872,7.02088809910919,3.81179745751398
"12",5.34547248921741,7.88412192220727,5.21117385962005,6.29259729687664,7.95836952491561,4.22445291409907
"13",6.66702625412978,5.00717914034688,5.03910554584099,5.79884680267419,7.04274191970715,6.44334239419755
"14",4.73418641236451,4.08895681014836,3.67031046706977,5.0489847844771,6.72070375836545,6.14727923078731
"15",4.22201670164706,4.16403508769841,4.16365292492931,3.85484072233116,5.72328284493311,3.02982225600854
"16",4.12935666114615,6.46809730865915,5.69273514236604,4.14170934279132,5.69061917221993,6.08662319095696
"17",9.18966914279179,6.66854320324516,4.59844937044778,4.24828739195279,5.63347612668892,4.62124358476519
"18",6.67810833006657,4.34851285712571,5.27851106883161,7.13755706846969,6.70611327396052,6.69527090263853
"19",6.28086073614395,5.411345663374,4.26766106167402,6.10004036278713,7.65436711410794,6.26481806889115
"20",0.744883457804295,2.10181864644673,2.8408774526347,4.28369388438873,2.64941781524699,3.53914488944925
"21",3.50465125074732,4.3750070395036,3.62666033658808,4.9769099447725,6.76283366101041,6.6006789404462
"22",5.95742291716645,4.69848145668481,5.61077284839682,4.79131774263307,7.38186410059512,5.83470142125679
"23",4.83222865903677,4.95267511177677,3.51302738002582,6.98765711616294,7.27709462230669,5.60618055105303
"24",4.95456813397621,4.93165974747976,3.17680983349214,4.1633561738774,4.37282197025298,6.95474881764526
"25",6.29923695599591,5.61635873652636,5.75144277519127,5.45488666727702,7.46588666239073,4.89249711996522
"26",6.33494910502915,7.32995617770301,6.2268165374607,6.61469657703711,7.32907911802754,6.40221390679555
"27",3.84407028635955,5.31189785641599,4.2950805452898,3.91126635992345,6.79231409543025,3.11773226381821
"28",4.81497840725587,7.33016661347194,4.46458806713483,7.61009560046657,7.27202396591009,5.43218949440039
"29",5.82734820251969,5.48345367631301,3.0213276124435,6.02455750365969,5.5390559123268,5.13044344312919
"30",4.39105611322401,5.37621275269,7.23883358899618,7.70611333912106,7.66039696241489,4.43831301933258
"31",3.15895164922221,4.63391591861963,3.19209410496674,3.99996866623852,5.68970561599334,3.26633589294218
"32",5.77281029086137,4.86112601938247,3.84034555996687,6.03648924877511,5.80375349287677,7.77531596517551
"33",5.86967613930389,5.63970481199135,5.45089076676661,7.39338836497593,6.44182067121116,4.71007797138122
"34",5.6526225809108,3.57296394492809,3.86296863743554,7.09263387007682,8.26323637902722,5.00201318619091
"35",6.95805912544745,6.12915928389969,5.04169559717898,7.80287386059926,7.94270936527707,7.04904472661371
"36",5.99172465205112,6.55155184236167,7.43154837650504,5.72818522188168,7.28477623433177,5.81847981711122
"37",6.62731477569532,9.22904514141382,4.60421702981195,7.94462436692178,8.40489692741023,7.27791558754832
"38",5.69637108584073,6.56062546354308,4.86516022466086,6.77096049090187,7.79893657321176,7.41822233016718
"39",5.74311653767524,5.7735185399693,4.39454354910115,6.00443828293205,5.60048471171385,5.53832908485944
"40",4.43889514378314,5.79384604029035,4.8784050960423,6.26409109191808,7.85190728845003,4.24359553900978
"41",2.83666908288021,4.32786340652189,2.38797362344821,5.07636443357351,3.98236499441593,3.26166330807606
"42",5.28455385089416,5.39275556269312,4.39651963207269,8.71252320772057,7.03066574372871,6.40599142518856
"43",6.93712546076803,5.74838577499233,5.31157367729172,7.28546009509444,7.47687975377455,3.45597458078954
"44",5.76745556772699,5.85189078225126,3.43023422346163,5.3052010948355,6.75514568404253,5.44007325313651
"45",5.02210054523262,8.19900966482332,4.61770601541192,5.76925131080635,7.82496432970949,5.41898440377071
"46",5.94947420081013,7.75961694284145,5.16660331069087,5.72871854085823,8.05484942905668,4.16022635145487
"47",5.93197950013028,8.58068397852824,6.01934212604794,6.21030305281235,6.758992017309,4.64375040934061
"48",5.24481547897361,7.37625435767996,4.69676211283341,6.97906736236063,6.7550289793561,7.65541891010834
"49",4.8029628077086,4.6414174844252,5.61031197593044,6.04321697758134,6.3136705928687,7.11622739421342
"50",3.98675196381426,4.87126540283982,6.08711933213354,6.35805608684806,7.46686954029836,5.22973545182339
"51",5.66373460034141,8.41483949742605,7.8145263725521,6.59326296374906,7.54742289065505,6.65930912482012
"52",6.36957876994491,7.17680401190536,4.22504415193917,4.69361367999692,6.09801721917653,6.3499688998971
"53",6.89246280117027,7.48093471517547,4.91708221886425,7.05656343618255,6.69910573540124,4.90971466885219
"54",5.46078739120743,6.99654810179593,5.97055454372881,6.47259180195076,7.26139839454595,5.22350891279346
"55",5.14052991574595,6.76218940674048,2.22784598005364,5.37694939681224,6.76909896814851,5.18330071511545
"56",5.21152882663435,3.97096204421089,2.59986686355784,4.64200396249023,6.61370765616218,4.08735719896284
"57",1.99999100400143,4.97517121530988,4.40062331261016,4.61133259978777,2.85595779356641,2.43901229334429
"58",7.98129515347071,7.32803169640134,6.27903409995236,3.55983766487564,5.87442958766611,5.85978443288361
"59",3.65316117303031,3.25985431243327,1.29124706210488,3.3812930754033,4.26616078181857,5.06876230335099
"60",5.82646514962706,5.38376745879642,5.4533083036196,7.34859122447374,8.08416687097856,5.8394154287821
"61",3.8709535724356,6.17369443520014,3.61063381278542,4.41879695372918,5.5192010160227,3.28081427350872
"62",2.32263017224451,3.58239929601732,3.50727150236224,2.31236390808544,2.16736277677203,2.02182325834574
"63",4.45848412381904,5.8001580259804,4.78849022589117,5.54146456751117,5.30669610977342,5.6148365626089
"64",5.21239694701804,6.38480954456777,4.35202822100571,7.41076168476808,5.48587814203874,6.38374747015158
"65",2.58176857365607,6.76289177611892,3.55234768991686,6.30929255457719,5.58272587420549,5.93906217447188
"66",2.20482798296698,1.96621061301043,3.19378157519881,4.49982211716122,4.19192924557198,3.92804358642199
"67",7.203937989717,6.80851856012723,4.93137167483468,6.21629353350832,6.76174595094183,6.38008404178249
"68",2.79470567242613,4.11113276099023,3.26048631942025,4.75115801137676,4.82586554558226,2.63346802370403
"69",3.88239720621029,2.13030855897684,2.58610869177287,3.24085991999393,6.2729549997744,4.3433145852013
"70",4.9947783533699,5.63356811749251,4.4310852715543,5.36553547507792,5.72510125428541,2.8551143060405
"71",5.50759195223019,4.68258514618599,4.74002067715259,6.88570907799153,5.60721976595,3.65541994119159
"72",6.66483603892951,6.67289006410193,5.42782929454699,4.75935260068051,5.65361292687475,5.31040146008442
"73",4.7238977676004,5.07797376176089,5.27620948260645,6.77858608182058,5.48250566139666,6.22141376331978
"74",4.0706804934173,4.6173321094712,5.28951390307898,3.79338668323593,4.88578292830508,4.93925769859379
"75",2.80423930711977,4.44790926618007,3.05121176266339,2.46330340691156,3.94647865996203,1.66794879951895
"76",6.70356894340277,5.83517701576895,3.51622607971832,5.03976557900585,6.24668848191737,4.66185122848322
"77",6.03187941816553,5.93104835643299,5.59112875076149,6.73693617534063,9.14983710242392,5.79785554176934
"78",6.88782333424045,6.47372216336305,7.05898272072791,5.71860979058315,6.41781669663874,3.64048876957754
"79",4.01975160882693,5.06249139888485,5.56879295693372,4.81411452109249,5.70992962257189,4.58250954794271
"80",5.88078017456895,5.66063831833168,5.66597400634188,5.71240156057489,5.8219865831698,4.69680213095644
"81",5.7813405815609,5.78937640105942,5.07213396545537,5.08151555963882,6.56615013007588,4.00246727287638
"82",4.24180008884257,5.3356695574788,4.50099566126824,6.30078478221523,7.76232743985871,3.37503338374949
"83",5.15577510824481,7.04969900822551,5.28276048816807,7.89470518808112,8.05501170775971,5.65997522477776
"84",4.63208774840637,6.07461482051683,4.2865674176647,7.20224470467987,5.12022908522549,4.81152384485326
"85",3.47969773771424,4.99384386978937,2.47496077666698,5.22632133876616,4.98007096932624,4.30896180819104
"86",4.62968442210377,5.60051657524171,3.15276422027322,3.82330785095613,4.61548958369016,5.12399676272148
"87",5.96509544257303,6.34768769932327,3.98850300241556,3.34457372599761,5.06981525313375,3.35283838044068
"88",3.76966156281302,6.24591358821779,3.23545169397519,7.98003879605824,5.20874811576626,6.74994483583063
"89",4.70269854448578,5.15946392334621,5.68723373465032,5.27447136992103,5.7813508523513,6.03309614745789
"90",4.54413775640447,7.34526837639445,6.48403541447897,7.07436577585969,7.18123165344023,5.86390869514706
"91",4.99613824395587,5.43612857098914,3.7798691371723,7.42691642293129,6.70237611207581,2.48056714719028
"92",4.20316439271487,6.00543667839875,1.76038290774954,4.46093823220167,6.09545885042842,6.43815925942085
"93",3.09786787723718,3.42783532611055,2.45640008690573,2.78951993233969,3.99011921066187,4.85288882396266
"94",4.20151775056441,3.91121628169977,1.78216990779897,4.5838318405073,5.48590666846136,4.43692609287896
"95",5.56588307105386,5.71565643810158,4.38538328200254,4.993819092417,6.8002541691299,6.67751117531697
"96",3.58418714032868,6.83780017278491,3.63635472359225,3.20352203153261,6.30078993098007,5.15662146282162
"97",6.71993530748778,7.33641746659602,3.69026307137011,5.6964000743736,8.04788411392565,6.19611561082433
"98",3.80933651994816,3.72151559155969,3.07211366326238,3.9636254208665,5.43584707345373,5.52080014104844
"99",4.84008511030551,4.93093617184872,3.40403241884868,3.52120450260935,4.224380478141,4.49832309593409
"100",2.85409537133678,4.180642808603,3.23554171962049,3.85371285012609,2.76306131967685,1.35583506855966
"101",4.2159701554923,5.2559463772842,3.11798905375022,6.65607080506115,5.36404093914213,3.51420246959117
"102",4.02708178012851,5.39383375158051,5.35318536225583,6.25602997310503,6.7893081278586,6.0879382389056
"103",5.60077773764411,6.15745166814654,5.50421508450099,4.40565803572896,5.80550805721904,3.61904096696413
"104",6.06149944462544,5.28477188790427,2.90934251121998,6.38167185794686,6.09175826700186,7.22912673797476
"105",5.39174256967669,5.09534206612257,6.49036320485499,6.2633020596451,7.63368310886587,5.38637924753353
"106",4.57955056584907,5.84810936090382,3.71490524263024,4.95143211433123,6.22134512205545,4.52035833840202
"107",5.28484289893576,5.28917953678387,4.38221184724341,5.99037523064892,9.10143014879064,5.86396582399404
"108",2.65017763045711,4.2457940454955,4.63656455130646,5.94044540841665,6.4051681448255,5.84714487032696
"109",3.73407718201591,6.98065923262671,4.57655827917168,4.36246650189456,5.41122513048915,3.933227329451
"110",3.59548532782953,4.9199662685302,4.32320342892889,6.24841599796765,6.58197552997178,5.36585339545311
"111",5.73448347345814,5.00252296502979,5.53068848210686,6.3324096081936,7.2948283825807,2.24290660899312
"112",5.59685039694674,4.54775419834179,6.16110100629033,6.52768031735517,8.01417303225766,4.10163753907455
"113",6.54477846477242,6.17158439052955,3.73851989147329,7.08455096675159,7.5870805335542,6.37488942768614
"114",2.87527550826358,4.09654654613678,5.13556939261538,3.77838475107044,5.85644331656937,4.18377504428415
"115",5.3013842495272,6.59009018235085,4.96844450467173,5.06261474004722,5.21968351001345,4.16215322107028
"116",2.69454298949494,6.19472910579098,3.98775616518949,5.1827933982119,4.01082247387735,3.98316415735814
"117",6.01756145903809,5.6635981846129,3.28823254990151,6.98818355098586,9.44260592432358,6.34340370812237
"118",5.27028128186022,4.74292015900904,3.62802716942088,5.04102301125852,6.84988640435337,4.1771403438808
"119",3.87021963764076,5.88855661504209,4.1973191480331,3.92040987097369,5.47447596718874,3.62407786714497
"120",4.73208696641757,7.08093818641506,3.51820741079917,4.91860860209839,5.50919411543523,5.45497705807533
"121",5.14761323395066,3.83607263129615,4.28884093917475,7.64710849325945,4.63167103722089,6.89194434727047
"122",6.87505349912613,6.00571601471233,2.81392112947174,6.80539185004928,6.35113940367092,6.7870253217293
"123",3.34715341996079,4.71254384311821,2.07278377501267,2.63289489979252,2.60315696503419,3.29350491640199
"124",4.68889546718791,3.25078152999578,4.71628192907001,4.72702306237793,5.76534783022096,3.39522404024779
"125",3.76908196206887,2.17960650676713,2.57906380595788,5.31780637774588,4.27588447005108,1.41264106234509
"126",4.27694618933012,4.38222844670336,2.39025622301725,6.70780531767798,6.94489538333624,5.01450414642218
"127",4.6377671429318,6.60242780160471,6.59936060386057,5.65564630096723,6.37386718729611,5.49078694467702
"128",7.45869834078202,5.53970385364699,6.50737443506878,7.7177166120482,7.93410243557721,5.37798181966729
"129",3.67977828840968,5.26713424584826,5.64925008359962,5.60384591046963,9.24096852425098,4.93297585472949
"130",4.90649254678428,4.9990319299151,4.80511733729737,4.04371952880585,5.19891770607294,6.18984211560381
"131",1.37008756684109,4.53987748270271,3.09959295402879,4.60787425851807,4.92842209375844,5.94476563008505
"132",4.01813482983715,4.72954934204655,3.06226791678119,5.54978506443566,6.5353756030791,5.08823854147972
"133",5.58346428028419,8.82024259611915,5.931030890113,5.36425681274671,7.39943892427603,5.34751953731111
"134",2.3495730236001,5.43341573151789,4.00087238584818,6.25358191219117,4.90297284185536,3.75651512306411
"135",5.86863432597989,9.20885758156603,6.12751944031307,8.39040209473382,7.09269289682678,4.53540772428844
"136",4.67285682023897,7.61481399268026,5.59441368136008,5.95541941393134,6.51458070147157,2.98591221802061
"137",5.70479684574412,5.47940895215417,3.91686113033588,6.84770243157013,6.27816486666521,4.57055701508878
"138",7.31637893113867,6.14153458620933,6.38666840381048,8.91066493711818,8.24811680214107,6.01429491855545
"139",4.5765723473525,4.65492134603725,2.58421629651598,5.05184639670439,4.8001512791977,3.54128886918787
"140",4.105094226545,6.90329089628144,2.47861063164229,8.21130340933286,7.04676838888212,5.15832290173517
"141",5.3897543495531,4.41686680224423,5.24779222234115,5.969372095627,6.54153548319536,5.67038672377047
"142",3.83946463261821,5.08408161331218,2.66787503868002,2.23497818949164,4.29658083115419,4.51728773375795
"143",4.36485895159841,5.7243459873553,2.03655592543105,6.63115190869617,3.79324710775913,4.38206490129424
"144",4.26652333128518,6.48270288869712,4.79330100617516,5.07686184115514,5.47629569624652,5.86632711375838
"145",5.20254613050712,3.67245368836973,4.48155401856515,3.97579856443729,6.68669262736413,3.87034350486075
"146",5.98759889710936,5.17796859190192,4.18068516713457,3.23447192987213,6.99059518613061,3.01820523030534
"147",4.58147335752853,4.21105989496493,0.978140437057111,3.25390493480442,4.84010062367109,2.51770554625878
"148",4.68455355156922,5.65638920455245,2.92721230960622,4.16963129416447,6.90951091174509,4.56665294936987
"149",4.83145457848338,4.93359239682752,4.58204388192975,4.62102243937721,4.51943995049257,4.91911000344451
"150",4.12270814798087,5.00425467204073,4.30640871298555,4.84277688860377,6.91867166236802,3.4062289029298
"151",5.48079413538013,6.1888267575925,4.89940606252101,6.50472619151999,5.95644359998112,4.4457268899512
"152",5.14978620376026,5.30351719399586,4.91229314904143,5.40281334648666,5.09192805217138,4.97492723979141
"153",3.37115702535966,3.7982069075229,3.1474120515769,4.24869591625513,4.72494246432937,1.47785237701923
"154",3.81617635993964,6.62488627062203,5.51735924054583,7.19666918341145,7.04523304429986,6.04750496988693
"155",4.71393233414863,6.69780183164708,2.65960375995783,5.69486471906447,5.03060223395926,5.33870061835705
"156",3.21905341297507,4.60684913739371,2.35726240256591,4.18114134312148,5.93193218007212,1.72249258534892
"157",3.48920069927513,6.41880075115173,3.17558791263026,6.36124969606769,6.49191938971165,5.99587816792116
"158",4.8431010597554,7.23884079954968,5.6745604543544,7.58275054121171,5.97901526381307,6.40859692633503
"159",5.15359184691724,6.46902323120545,5.36650766672579,5.06725127047523,7.31092641421324,7.15106570545396
"160",2.07131908763331,7.6450959866802,4.63126310459124,6.19635639010063,6.31876252003181,6.2672211368448
"161",7.21588752803777,7.21589744841427,4.30062137822296,4.88177270959807,7.60899697193555,5.01662965044261
"162",5.53079701428123,3.88345414533348,5.0410475102183,5.29105166356448,6.63568265964212,6.44300197592694
"163",4.49744274047455,6.77223430826878,5.16126024341963,5.85514822314845,7.10448413127238,4.04175995394302
"164",5.79387644795341,6.40965500156002,4.63066155735518,5.69464768071144,5.24498512086121,4.73504257373141
"165",5.55967726943509,6.3180185275443,4.42631858516691,4.76466934020549,3.64827331119086,4.52904990783583
"166",3.61350649655521,4.9725114042344,5.57815267564051,4.66280443925455,4.32311698970055,4.64130372883046
"167",3.40534447054797,4.95288405538294,3.44181969264396,3.51942675410779,2.46765583313271,3.49074883036108
"168",6.13414673575731,6.82142849599515,3.43379691326453,4.79908446369153,5.46420248686923,4.96567397092427
"169",3.04994554681998,5.87429458347166,3.3271372976046,7.85904093104374,7.9416276171441,3.82386919881152
"170",3.44352956304573,4.85632424068376,4.2586149276066,2.5758935461186,3.80649413659536,3.58652431692449
"171",2.19247249601532,3.19102365857684,2.65157764266943,4.78839732074301,4.40726701932014,2.96689246031924
"172",5.40373368042632,4.39036186655171,3.57553117576146,5.30454738516646,6.79029159388549,5.04759462216526
"173",5.23146196661448,6.94857123017115,4.54193119055332,5.40822420463822,6.56296064315201,4.36197401869378
"174",7.4187487622531,6.26949779007177,7.05192687368496,6.79447124856331,8.7101689330192,6.2627760163997
"175",4.1892529206738,4.23869474050794,2.77565383579203,2.78478920362742,4.30310876317858,4.24489750012804
"176",4.72376817810946,6.25045356513386,5.44612107974923,5.27445294509555,8.6839180697706,5.50129169959292
"177",4.85840716270284,7.87302354049348,5.18995958739083,6.40963151925069,7.4940237807026,5.9730778275776
"178",1.59131133522796,1.45624926364531,1.6978589577594,2.62688072291386,3.82345791849122,0.693948220845374
"179",4.77751730373678,4.59644489964272,5.10798213647916,5.41117856075715,5.41271383061379,4.58859938956189
"180",7.33155833275396,5.68189807238881,5.40367188494333,3.90781654368583,5.399405254143,4.32613901371627
"181",7.1995909061823,7.91130962199809,7.01893118509928,9.38136407198318,9.30663227054178,6.92023133455056
"182",6.21838737784373,6.08546602408473,5.73608021820983,5.96602464661165,4.43218262916656,3.98575883255543
"183",3.85227471123548,3.86169879261146,2.30393684993621,4.41684677140956,5.2157213626964,5.09152169733899
"184",4.15456717492936,6.87346289077777,3.24464393519133,5.41819846692653,4.98819337336549,3.69060063090073
"185",5.15035344091716,3.22071724994915,5.97383893928636,3.88785488796264,4.13756844253894,3.99477106342816
"186",3.5830457573704,4.15475316989296,2.13979151620683,3.19903813921093,3.71665149118166,2.00136749513607
"187",3.22477462053269,3.96440042154302,2.9906048793187,5.21014027758151,4.66135039025857,3.57286042415675
"188",5.57820548075431,6.77952663851438,6.99600138041008,5.11865055630513,5.68680127687246,4.82558345283657
"189",4.09737470951045,4.9671405767673,2.83345826221395,4.96502743110017,5.75152420989079,3.72359728619856
"190",5.22036036184324,6.76860790427825,4.53949847034312,5.65929792326756,6.11278208579471,3.98893118825782
"191",3.84061581724925,7.50656848645012,4.29809954547887,7.16778438569146,5.11369443164762,6.43809728044757
"192",7.49688357408784,7.41185680676293,6.15092038189591,9.53106598266717,9.55712481719033,8.1677957231722
"193",5.39365394741683,5.34821238472146,4.92709286758925,6.18819005371827,7.22689680601696,6.75977253970995
"194",2.59370015455368,3.16265618274453,5.04064083927272,6.20343122052207,5.75109466680116,5.18099954178223
"195",1.785992252078,4.34892495651371,1.91487011700978,2.27841822682997,4.32475800560738,2.72463457777002
"196",4.76193697560135,5.60807668883468,3.8107218338235,5.41408711962693,4.64453624574705,3.87454715464213
"197",2.7096488445637,3.06433270632836,3.30927576345089,5.72447021252438,6.09883237134057,5.82294176521275
"198",6.75526697432285,4.93303650131804,6.21475726922648,6.18340051397142,6.67419088736451,6.74413732025141
"199",3.14779057132876,5.62070304599612,3.66859720082897,6.36897641740876,4.79418274759992,6.35869124214245
"200",5.65525531199305,6.46733813295043,6.51693936988001,9.46104187093693,9.56166972128928,5.62318583692177
"201",4.34927282119891,4.51957012602928,3.40553873881639,7.20138884509147,4.17661527918753,4.37208353109655
"202",3.86635730399043,5.08642274941083,0.611249443171404,4.88196849326846,6.95671561767712,4.20138148300946
"203",4.39251070352079,5.70015254422752,4.11638840108881,5.02512113272015,6.57878313209599,3.85936992092832
"204",4.5373105315764,4.92590885226757,5.38142150381937,4.9670975951957,3.68327822443844,3.98076389394289
"205",5.49782781216051,5.06801301062958,3.57385196423304,3.74048712299387,7.18723088217013,3.80753392030786
"206",4.18224601795169,5.92570510891198,2.93786908970436,5.77825840744291,5.05599833470229,2.16779214901389
"207",3.11762364450029,2.66236666915785,3.18578244807487,2.93528462666064,5.74793599102154,1.73526749355989
"208",5.0913154357412,5.18517903525338,2.52026841603651,3.44921769967533,4.07098253020725,4.09820477478669
"209",4.72486727130443,4.88828825771653,3.47184460020441,6.27302324728327,6.70117789566338,4.31680041737226
"210",7.15588725720756,7.12981672467636,5.13066316840224,4.58837136233064,7.75067511926269,6.36321234678304
"211",3.17753083297027,3.56827407138272,3.56360732026446,7.08259651081002,5.80415476708783,4.78991641429018
"212",5.75335339376245,4.66949629808596,2.39363967282912,6.56386289990295,6.44021442073405,7.25503708407663
"213",2.57238002322637,4.15040980329085,4.55590567653853,4.19995289918812,3.18186040132254,3.68620938763183
"214",5.52499972291939,7.90587247355819,4.92442195027386,7.78665603082844,6.82281680397902,7.93815148773337
"215",4.85889669407275,6.27918158825684,5.06187288467711,5.53463229184382,6.55338233614331,5.38389996563766
"216",4.90381182987903,5.99666435289822,4.41264338013927,2.48610370601326,5.37074967474173,5.77267200558466
"217",6.04184358965049,7.93154486720137,5.35550069415022,4.84422722745146,4.87208723537151,3.58950076317265
"218",5.3665428217918,6.73385892526098,3.79522019713806,5.25013847586762,7.71792486421916,5.51960309125143
"219",5.40571642018769,6.22245352544701,3.47821321774775,6.69229109765589,6.57330148817063,4.1540595547343
"220",3.36153337519261,4.08029752712193,2.25704174023463,4.41545330076328,7.21322040164503,5.01905871004234
"221",6.04384172488035,6.36533472392595,2.73378237930425,3.3484623696642,4.27072851836092,3.07669587842153
"222",3.71398519933655,5.49765878101337,4.56998332086478,5.31329974373037,4.0504696709481,4.19565605247445
"223",2.75362679115692,2.16118040595908,1.7798026659177,3.04720320521632,5.14951650756236,1.59501584982389
"224",3.0931624716282,4.4457737648728,2.99667685066921,3.34066399449548,4.83109138255184,5.07952061856831
"225",3.84011297664293,5.15460940840955,4.46241049234194,5.58430500070191,6.099652961187,3.97568205252363
"226",4.51793963528675,6.46439248149387,6.47814688899975,5.58748309927891,5.90092777714464,6.71123979225324
"227",1.14487502078776,2.68969583478354,2.27307151552576,1.7845079845044,3.01694875864254,2.16205369897484
"228",4.00285361622978,4.85440307235775,4.15551161046594,4.16168645380952,5.38985760942525,4.41527833157136
"229",4.09522253003083,6.81448319382793,5.11140120079392,7.7129759504667,5.93092418194035,5.53238148655553
"230",4.27579669872224,5.63049987535217,5.0782141690024,3.74168411903304,6.95632615706573,4.23751245972542
"231",4.43512482987227,5.19245348172072,3.51422095455861,5.40858385536075,8.10749124695786,5.71217023242564
"232",3.06566095239364,5.39681574912964,4.91891142423894,5.40271778693615,8.0115315059593,5.43974621323243
"233",5.6280265283721,4.20924944532565,5.03349827153391,8.25311415750638,6.44897276363912,7.20667767681523
"234",4.17700017524129,5.59210881279566,5.03576618597166,6.11509590620771,4.86259397253077,4.83065587593802
"235",4.56337748271684,5.7989508494867,3.5653284227629,6.11660190480033,6.20090662696799,2.42239460283486
"236",6.79753273562919,5.76453154218469,5.54323680412688,6.11157386875057,7.6152824705726,5.97462381035523
"237",5.32563989950325,8.8768698157306,6.53827834713126,11.371017272327,10.5303967772422,7.41279159232874
"238",6.96802687842361,5.18883579137828,3.39844960902811,5.54843619678982,7.09430861180231,4.16620899769499
"239",3.54044071082509,6.36509557155459,4.10943259624038,5.58127491943832,6.41812075512023,4.53605693113937
"240",5.03240585580619,3.4643716487104,3.78663862306676,5.78916643981856,6.15836862283069,2.89362345450276
"241",5.85925012998748,4.607965467568,2.457758433173,4.47756672092178,6.27388828792883,6.81080659945321
"242",3.74219940669851,5.7364857461263,4.2138847051654,4.82145963472022,5.34627071963157,4.69391978860466
"243",3.50179598828413,5.23057959881104,4.6375988357619,7.28510589118281,10.4203057269972,5.48641471685325
"244",5.73742180807674,5.05869205032902,3.19510813588469,5.76171174303532,4.71481643960921,2.19946878429027
"245",4.19048267722911,5.95315575432301,4.79239708681303,3.51225202053213,4.5848243107997,4.09653536281809
"246",4.19436749399301,3.92838439467387,5.90736050025775,6.14792461350062,6.18438287674333,3.23395543840848
"247",3.62480932092374,2.73003430674638,1.15089935037408,4.69404105702523,6.11635324062267,3.47990080313851
"248",5.47158601272961,4.06330464099444,3.77237799267122,3.04631018839049,6.89607253815919,5.28543846577094
"249",4.20990620109167,6.02565222143807,3.01752042168753,5.46452198466004,5.36538082801562,5.12802072687237
"250",5.72148505547078,3.72895044848689,2.71602734682764,3.75537159594052,6.3984018778358,6.96302242949741
"251",5.49145297517035,5.94406472391614,1.53454174113531,4.2267494943418,5.99918848989406,4.71656628785384
"252",3.58618743011605,4.24851890894507,3.52357736157786,3.02858510519243,4.68680234753799,5.67543727932199
"253",2.96605695331438,4.17203423261052,4.02162179993314,5.27542116988908,6.61181732019863,4.79523954849238
"254",3.66699546230221,5.15872348860187,3.52985822390856,4.95767388689857,4.655680255765,5.04048074556467
"255",7.03742167600795,7.0042716158404,4.66851919061455,5.37918415509112,8.12367551951359,5.73411590254925
"256",5.41022388472715,5.18061541358145,4.15617672347768,5.215268510194,6.15478966930361,7.33383330490391
"257",4.71510730718108,5.03742626455902,2.31118446184576,4.47325538540004,3.23850988281175,2.32113301774328
"258",6.61141894000641,8.20213459351938,5.31068761088924,6.12621819732367,6.84954369821412,5.71222077671706
"259",5.31878484036536,4.95965769582052,3.60805555045865,6.92906399880612,4.4777783427538,4.24233468501743
"260",4.56801701658095,6.08717798603388,4.52136200081206,4.02163232631272,4.93657196165438,4.81365653637127
"261",4.55890032533991,3.33979621480312,2.88583021325721,4.25997067360008,5.21341759990965,4.69481744515597
"262",4.75307604884946,7.0885258535279,3.47589303501259,6.89766427801203,6.76472146652835,3.66230355253908
"263",6.43397176180011,5.61107304698497,3.10328298733824,4.37167945540177,6.26787685934779,4.20509073818528
"264",6.38040493897546,5.80805420652096,4.15331153217496,8.40591481090819,7.21996551123656,9.73722705252314
"265",5.17784401603209,5.31717681095047,3.03040638430468,5.54878224966251,6.49028555122003,2.93941696473735
"266",5.58400411984389,4.85760837986121,3.23947706590187,6.05459841707294,8.1627090679996,6.61428575184881
"267",5.06923943729833,5.23661597264167,5.08133847178839,4.93193032237458,6.39962106397655,6.00343923505799
"268",4.85321311264866,7.52144594036223,5.81100232720661,7.35329411627792,6.41240463525181,6.56546530635462
"269",4.07344471815214,3.39129490050095,5.65075164984854,5.67352803460207,6.47586623097164,3.42030769319357
"270",3.9292277456301,3.69217943004189,3.22242973327534,5.01517724276137,6.86301699581173,3.64455873793417
"271",4.92947518634656,2.75566602931788,2.96880189480256,7.76422785769335,7.29709110004631,6.44995564438589
"272",3.78326167386793,3.44751884278806,4.21146505147386,1.92761829372463,4.27895582424815,2.62914843188541
"273",4.65673403806648,4.39148252272318,3.91944314601668,3.26982698726765,6.34535655844023,4.318007513256
"274",4.12729236449123,3.95095625537223,1.67960939368985,5.5183349456397,5.1156610939651,4.29543196193192
"275",3.29058456480439,3.28457125106285,1.50962266689758,2.90257487436689,4.41292994273601,2.70527385937553
"276",6.15927438459743,5.98059354053369,4.32549062653375,6.79530652748049,7.16875369131188,4.37127610054599
"277",4.02335447542927,6.74309312971781,3.43667276075631,3.22092157470287,5.70360127229569,2.84256607124265
"278",5.14019238509556,4.39003642974824,2.56596180322319,4.57794921848263,3.62667183801467,4.93296370313716
"279",4.14807307249532,7.17467868018036,3.05429964308714,5.24002467522726,5.80425814159696,5.39549957825079
"280",5.18931641309601,3.75023758369317,5.03678539053136,5.02553930215573,5.56720242163156,4.84610214550376
"281",4.81318990203053,5.61422896106849,3.85074063523509,8.60737484439513,6.61239730949689,7.34429465553148
"282",5.3407894337831,4.90741937245911,3.66493535570233,5.52672352004763,4.49350060103454,4.44760233868615
"283",7.17115645636102,6.3904298023063,5.59178612596681,5.99235318041447,5.18845878672222,5.77294500344214
"284",3.28067503967458,4.87146051932259,3.05738766458393,4.45987159484109,6.5705916071365,3.21554464159621
"285",5.56905082544852,6.95057566752367,4.10571874626168,7.85018476457229,7.66956938455599,3.2686551888119
"286",4.41707647988258,5.94177950808885,3.34705808745025,3.23345210408349,6.28984277074394,5.76460862347862
"287",4.40414471602548,5.38874975500693,6.05219100670841,6.54791916351482,7.77161078518901,5.97694481206572
"288",7.63638718010578,7.47266464462296,4.91237254066206,5.47030525332104,5.00828935904002,2.66647406455945
"289",6.41188647413087,7.96628516553413,5.05769506917371,6.45127098611377,8.39576378338872,6.10366317882377
"290",4.72633771222056,4.97458361173044,4.73564827767399,3.75174529243884,7.90314705799406,3.92444265831133
"291",3.23170118599773,4.47909881420279,2.85847532408224,4.22748544537244,5.33718170357251,4.5748640909267
"292",3.36892295860501,6.56981300988672,4.27980605238159,5.87062020119951,4.68771368141941,5.24877655139541
"293",7.99684448698829,7.15765338180897,5.86529261150672,8.09617772554183,7.2258079975579,5.82546384053652
"294",4.91296241640782,5.6434211919397,4.96111656714212,6.86064918269948,7.95691314679316,4.07385002168548
"295",3.74633092276535,3.09872696999565,3.11329574116103,3.21419756429222,4.64467504367443,3.05971688750231
"296",4.68410039649615,1.97953558879477,2.8135479484872,2.25894731332658,4.85422840100898,3.43114507941959
"297",4.03976028270338,7.7948566063999,3.36092487735469,8.19860356472508,7.77314425264485,6.21439322246982
"298",6.67250035421844,5.61656061303144,4.02580551948399,5.505206114562,5.84462004702994,5.86389172876107
"299",4.79672279703391,6.07098777257084,4.74064005759977,4.08103382324129,5.18113300695935,4.39052775817314
"300",5.01350678512976,6.00698375756377,4.74559560081678,4.06238545012973,5.70662826756738,3.82038788465817
"301",5.31575025158092,7.601399448793,4.66418274743197,6.14019799458915,6.55747202680249,4.26955565285655
"302",5.84711454687886,7.54449496672829,6.03615492719045,4.84468072861812,6.86972786367319,6.21167818291165
"303",3.53405782857554,7.30793203009685,3.85727663734022,4.99294019912428,6.79101606696177,5.30416722462058
"304",2.93046598227675,4.20977575998955,1.04766010923751,5.81403483437928,4.87580980245954,5.21884093471879
"305",5.38824932804555,4.76349747766536,4.47185908162082,6.01365476165738,6.41414090827356,3.7496639214818
"306",4.81317044585671,5.88386895932051,4.04184811563308,6.91691936026134,7.12338056301272,5.84967767901855
"307",4.49612573843753,7.6385326586021,5.47353875941646,5.81685617671102,6.05049817421832,4.86874117730379
"308",3.6873968582959,2.03450265852822,5.1648420307747,4.0185112085728,4.02493893414056,2.70781631931212
"309",5.20800755160319,5.21947197305468,4.23366596020946,6.17046535408483,7.25262558622945,5.40657157365328
"310",3.66646652311642,4.74474298390987,4.65053324735422,4.07434653044554,5.45960531383007,3.89798385758056
"311",2.70334572884553,3.2410891711984,3.16208389107793,5.12032753548531,4.84172273226796,2.59004341382664
"312",3.12623636006969,5.0335574359568,3.79228470533459,5.84186619059321,5.55101173523957,4.70915384750719
"313",6.50488361739851,4.05887695522984,6.57523544911654,6.08050142528185,6.92440433488638,3.88534091101595
"314",4.79312998528154,6.92044681176243,3.93132019023695,5.96819207641533,4.99368167616883,4.78319325129302
"315",6.44732318450052,4.189788422015,0.68048835490501,7.4578760400393,7.54035968877148,6.65285083538137
"316",4.80862324215134,4.26916345875131,2.16842318653267,4.6186564784568,3.61462506151696,4.10270008878628
"317",5.69296119284906,4.36781350937466,4.96381278596247,7.26018006093391,4.31214480240207,5.87452963693698
"318",3.4898500902456,3.57301819079761,3.27912348158826,3.50433242095323,4.06918459116117,3.76089490637999
"319",5.16601913895295,6.90751126746532,4.75322734159565,6.75369294270738,6.11311701876501,4.80871416032285
"320",6.04029877997702,6.24735177732006,5.59337095184966,4.91974542881467,6.99766563519456,5.51748599167422
"321",5.60471828547696,5.62090129844129,4.83000575501427,5.82089278124154,5.19993876599601,3.38207839727524
"322",2.97860643005706,5.85345753762989,3.78442049268328,7.1842704003824,5.90614845293421,4.70936950523027
"323",4.71133600785717,6.87116017110584,5.98009138714251,6.50955415733235,5.04890128662018,5.55448899909685
"324",6.10612656379898,6.40766728915541,5.045050098223,7.31226451794675,9.66616584511624,5.58145527121146
"325",1.90334710551062,5.44451975024754,4.5298486603488,6.00286067374415,7.10345148508422,5.2976611955371
"326",4.09233249642441,5.67730508077574,4.57848063609543,5.7243784254213,8.66371765074693,6.11349667617369
"327",4.91947133177697,4.41233251838282,2.20603863379459,3.45021129294438,5.39688035725348,3.79913037620956
"328",4.78872874686774,6.7174014197334,6.60122408315098,6.75833068107853,7.09394385674343,5.11235721431248
"329",4.75436802379858,5.39480687658174,2.88420289497083,4.46770062772666,3.42728669737541,3.47029298058912
"330",6.14824487196613,5.96939546534543,4.00654591953019,4.78052687242053,8.4957005048884,5.23396526634643
"331",4.88094562978889,5.82246140815662,3.11190692501572,4.58805713878257,5.52357132123679,5.260636835445
"332",4.73785560841293,3.96031396712628,2.98005295191076,3.94507652974803,5.95865995150819,3.70690083470533
"333",4.49577333151839,7.66731312441448,4.47945015463082,5.26485187938415,6.45470101746001,5.84593516134782
"334",4.65334785722183,3.90052637383459,3.28597536437198,5.76383271408541,5.63974682280525,4.14720023222878
"335",4.60207234787607,5.1860577829491,3.54182204109408,5.87785412777288,6.42282779478055,5.65033602244923
"336",5.88921847071275,6.33861794046053,3.15652598982869,6.65261686481233,8.92035576097031,6.2200612707095
"337",5.75497656040543,3.38827040082969,2.02045489744443,6.7781904686825,8.03610121224129,5.75129857746558
"338",3.10791582242726,3.77298113489627,2.73121623665438,2.46437563025807,4.12127866995859,5.02070836425297
"339",6.19568161407713,5.61262048418351,4.16277555688041,5.21474762555738,6.28066212310742,4.98686490063986
"340",4.95119622081319,7.29695094168412,4.31683411080382,6.14170760555051,7.44177767169474,5.59508164035991
"341",5.45367769130478,6.60199710194153,5.35136403315223,4.65505438699178,5.56615047696102,4.21180178953737
"342",4.06403468189529,5.23400381324341,3.95448480923655,5.91896258914908,5.72144881682649,3.92749590846922
"343",3.18837174258571,5.04927358929897,4.34302528452093,3.51377139727651,3.57290889468844,6.10116278691048
"344",3.4166996159303,3.02719436170759,4.4157918467674,2.54052836984004,5.78440737050481,4.98667878713915
"345",5.14742008361678,4.32922012225086,5.40397991884815,4.90677038256562,5.52567421496665,5.58244479867585
"346",5.02951629789357,5.34226427625746,3.12497650562594,3.59084637934389,4.03673564440614,3.04966640493291
"347",5.25024789733414,7.15824759089436,3.75592051026817,7.42191912371776,6.90301919567211,4.80128521425739
"348",7.54010256041065,8.91539118470187,6.64691455437933,9.13569454373254,6.48159856934184,7.28090197209457
"349",4.35734175088291,4.91982481390429,5.00341857577732,5.45327925270989,8.44607292951897,5.32570709132684
"350",7.56226697210975,6.48613706736358,4.94873025816334,4.17941419949278,6.85768586994211,4.56621952916417
"351",7.38413220032106,7.73358931619425,5.81887223926757,8.77939847189311,9.4562454402634,5.7207755352855
"352",4.2129984200644,4.27859860281516,3.62186471022472,5.07952461602163,6.16556185270568,3.94401894041862
"353",6.79561437645498,8.10232984033167,3.96700890794347,5.23113594551918,6.98283727694764,4.75002931564658
"354",5.54351502577246,4.79260921845636,2.02884786456972,6.39997683797957,7.11828079381892,5.80998623175045
"355",7.78319078462103,9.01245246959438,2.92019880718241,6.60612752398754,7.03077208515332,7.27615223588341
"356",4.3060357575273,6.07214391269266,3.19588583370216,5.74855829421388,4.61068247282172,3.67001850149241
"357",2.80567300404164,3.61633025284294,2.49349556664779,3.45326877241352,4.2112547896415,2.66157166119567
"358",5.66739167461298,6.00792709619938,5.86787623422264,6.70601846259479,7.29750817310684,4.948329090149
"359",4.40815600793124,7.55300653747618,4.31720333026022,2.87189936496419,7.42530320705362,5.04911101408028
"360",3.23171883821739,3.41686068921898,1.58743642371588,3.92552420562679,3.33406873097103,3.42546640840335
"361",4.0130791205203,4.476076828511,4.40333568023107,4.42273996258705,4.67573125111496,3.56807689910412
"362",1.63246898465027,3.46932551273329,3.26447518084961,2.69680387258351,4.30299003109725,3.88068094325123
"363",4.8143298943627,6.15012903984414,4.2506760945952,5.27429230368642,5.93200894429149,4.66857770537163
"364",6.44694841931441,6.15831835053808,3.7469667955079,5.06665252641253,6.57950328284581,3.91076649723401
"365",6.85428966587467,4.83289480621893,4.3751962433662,4.93218987602437,6.80638114746695,6.56606935614485
"366",2.79655274460721,3.00536296178509,3.74866203711754,4.08248604173815,5.45032899372904,2.91764476382731
"367",6.03905017377294,7.88780372902322,3.14376907009182,6.32914529182738,7.83150556454641,7.22201356579687
"368",4.4719273147031,4.63666621023795,4.70795771795609,4.47366707189993,5.88718880527444,5.14823179932123
"369",5.98096211667858,6.67617888029718,5.27242708199782,4.77952223638426,4.83846961543283,4.45543127359905
"370",1.23541567818274,2.76401093341481,1.65878622791421,3.65573876613687,4.19428762872684,3.14035764703631
"371",4.49336067871086,6.09600421180377,5.64901981540626,7.9569363044784,6.50244315680196,3.97209484620771
"372",7.86763832371977,8.1078159050041,3.69903576543324,6.96763503086537,7.85466364906883,5.53532724683831
"373",5.12709260673627,5.11370084759947,3.86794132681338,4.33585124072937,6.45658844986381,4.63257070578396
"374",3.46257331210371,5.92283120840294,4.65562170432122,7.36826409602347,6.0206020214797,3.5400929057317
"375",6.68569211095715,6.66234523579766,6.11564971217907,6.7904941028723,5.27124154536719,5.38615225746317
"376",5.37125065998173,3.1635757614956,4.56374180204648,4.39804817752565,8.07671601761448,4.36236995148881
"377",4.326198510121,6.94819414066191,3.12146290283184,4.41239390648292,7.21564895744737,6.27695342893318
"378",4.86245074392135,4.63386007998515,4.83045251961762,6.38764595737512,8.30417193350345,5.74355612726843
"379",4.22540823690455,4.31204595279444,2.69664508060901,4.93111090231073,6.67971330160668,4.55057521587952
"380",6.37086935481606,5.6786929953249,4.1717823010627,5.16931134959357,5.40496335043512,6.68352711887692
"381",7.54822158274317,5.7613547979466,7.35414935079519,6.98012414654496,8.75599153074893,6.23782908734792
"382",7.7831454648594,9.2940487050327,6.12954759814611,6.67337112325719,9.03029356461509,8.59583285328338
"383",6.39666518879676,7.18350790249214,2.63631265462385,6.11505997563699,6.91398589537359,4.91828205632745
"384",4.68073213816592,2.11604299023576,2.08391709994262,4.52326039233913,4.11547199368305,4.53291650926745
"385",2.95363442665658,3.18638496318075,2.91485504254841,5.39726607481935,7.54159268832148,2.90586546842288
"386",2.90228390029734,3.72911446871569,2.82695611987982,4.51402409733408,5.40370905365571,3.79259147649627
"387",5.15602222675494,5.11419887320558,4.7493683039567,4.34093567411703,4.27209647837948,1.86948287317249
"388",3.87437664026168,5.38639452391593,2.62896916239609,5.37030808269666,7.28877021774181,3.71962948733293
"389",5.36170986497497,6.07036342926191,5.35395201611172,8.3757181323902,7.74209013950903,7.14955798930917
"390",5.02204629313457,4.7863325249668,2.84675044922898,7.31984119099703,6.01339118288733,3.22834151264113
"391",2.62837794629329,5.33377578819786,3.46081543536965,2.94172161442463,3.40266968936084,3.77642716686398
"392",9.3501916045671,7.05968833862674,5.41044903202804,10.3174461028995,10.7431284053241,8.47476853718139
"393",3.01209045844936,6.92563581207022,5.27319510030941,7.97732923279467,7.93773411855434,4.02851572236767
"394",3.60399248528024,4.0341016251669,2.5215758912005,4.70630921314571,4.65247882923308,4.54542084067419
"395",4.02738194046393,5.40188841803112,4.18396127859129,3.48590355946917,6.58840156935061,3.98923041863799
"396",3.97506942725302,3.46371815909246,3.44738147858085,4.71320872838598,6.39188794803403,3.81814456379162
"397",4.26230706738686,5.01122996986495,3.65171691447665,5.6565603083044,4.53199154737795,5.23245183126435
"398",6.50194081240487,3.35568075087741,3.32424336944947,4.39114758745457,5.39072826580825,4.96481416058662
"399",4.21233138085974,3.82694566311324,3.85737852170845,6.77083373355799,6.01683192487152,6.00792182496792
"400",5.19934478894677,5.72745761140131,4.68339379825377,6.5415892349781,7.7176814223691,6.52366442862557
"401",9.04984071665437,6.90417989471491,7.04906076105025,6.41038647125122,5.72537355505123,4.54396128779739
"402",6.11336984117532,4.79713419207413,4.21817730746978,6.60247186029591,4.93694846242268,4.39585696459833
"403",5.57256016547074,7.71703732767722,4.65518418277529,4.14201245870195,7.19992842609195,4.35662233403503
"404",5.0781760660357,5.4327852544363,5.48558470639198,6.11703586192165,8.2218906203995,6.02025097079813
"405",4.05841261920968,5.4967575005642,4.49979119486094,4.13660958862504,7.04359247210057,2.9943851066387
"406",2.63591348679548,6.16390286104171,3.39568984893488,5.40605390216763,6.76968978096251,5.10738256510567
"407",3.57581738360466,3.12832334481016,2.97488453920146,3.46415433143425,5.33915281652032,3.3603719094032
"408",6.01839084506101,6.5190048279121,4.85320049523173,5.65519307797899,7.50059731222606,7.41977794863729
"409",4.6418168513902,7.08299826617581,4.01725122201393,7.3870930035987,5.67150530969485,5.26683588141216
"410",4.69336654563165,5.96976280557494,4.55166382214008,4.89626821991159,6.69937473604838,4.61857232672794
"411",6.82022618071802,7.10539539232872,3.72676293342578,7.32672038259849,8.2719666910835,5.92101143654023
"412",7.13675039081457,4.90356472399688,5.2922839706524,4.92918762086432,5.17683530784559,6.14178532797061
"413",4.06470719851749,5.90133416287992,5.27090964434318,6.59667419302799,7.49915823684313,5.79317756385475
"414",7.46439328029492,8.97363282421751,4.11022658800884,7.41725418657734,7.57420651272949,8.63162132062937
"415",5.61632046976914,6.16844790371252,4.66829811552165,5.3438568777349,5.90631622058912,5.31845373487848
"416",5.78881831875405,6.32202103095863,4.22070869400007,6.39844431141254,6.69054796103369,4.75837611811224
"417",1.82019613755886,3.93639799773294,2.15226139203049,5.38131430981597,5.8094816284432,4.13662760834706
"418",6.2635866411146,7.15281065486902,5.70982754166194,5.55432656926272,5.91751880304378,4.66317508234664
"419",2.47335563214889,6.9274187135209,3.84263108722154,4.36955525119797,5.04785559732736,4.90088872803188
"420",3.78556084528491,5.76067705727247,4.23250386565954,4.34853204281786,5.95935192989605,6.10877444594982
"421",6.36150178294777,6.0201129292933,6.59106509663853,6.64185345676281,6.88436503288722,6.6243843013462
"422",5.62962456391082,4.48659270527392,4.076126568526,3.86374698446264,6.14745582822941,4.67793308229905
"423",3.69193463266673,6.05376600134942,4.19066144899159,5.68565985512748,6.35554234157123,5.48792119043398
"424",4.70659153453357,4.91592913969391,3.95913949983377,5.3820633925603,6.53883326558123,4.27963244669654
"425",5.10506037873634,4.47552329728398,4.32450528868941,5.34085307409372,4.18446211680807,3.9815518096017
"426",3.78663816573744,4.01049119621792,5.64491547852662,6.13820408570466,5.497278827501,5.517914734516
"427",3.40555537118523,2.93051846204332,3.62020280338032,3.29535841081094,5.2791140261098,2.68733529957666
"428",5.3180080492457,4.61208973873249,2.87715544819391,5.23480438645351,7.3278296495956,4.38380516724538
"429",7.59472595285295,6.45141819434007,6.26901211412384,6.22933508010975,7.59061823772894,4.97165709777848
"430",5.32736002429996,5.30315935384596,2.93194962980669,3.84943892874199,4.83395886962738,4.37148634315494
"431",5.95205277356237,7.38038675907398,4.57243055478269,8.59305377805166,7.64657935005514,3.92054491918962
"432",6.55574629409469,7.22582052932011,3.9548272211329,8.39620835119858,9.50807566045032,6.33405388118763
"433",3.80047684448671,7.19235828159935,6.65015577163145,6.08338649263446,7.41954651786302,4.92585727987631
"434",5.13601423121106,7.56785876257164,5.44900198822616,6.66465618279393,6.14624790261076,4.82586456292181
"435",5.13043626920428,4.33564968798008,5.55022469079403,6.62417392801847,7.0883732965339,6.05861773214597
"436",3.12305762632578,3.45480445295678,2.62609942827121,2.63245579207686,3.61453016377317,5.96545569207535
"437",4.31228647146826,5.06518264018254,2.50653900149769,3.67817706871028,3.75079924074034,1.73537777308152
"438",3.39367215640264,3.63267648126552,1.67890924279964,5.40695849544484,6.31880895660508,5.31672689294463
"439",4.98875512880235,5.44997798927543,4.91406417422807,8.04289746096383,7.90331356208481,7.16558562033906
"440",5.05843317167602,6.66854478911675,4.99411632011879,4.27100921332051,5.38924113123258,4.9658808185558
"441",2.99043757117707,4.11711587051762,2.05421195192969,6.88842582480369,5.7312249989835,5.4831370312797
"442",5.16936311803119,7.48896139290371,5.00059231346582,4.75992703096798,6.10686218869017,3.55560056159563
"443",4.62827576449404,5.1140205603951,4.01834934785448,6.44535411063457,6.14568573304084,3.35205096464221
"444",7.13326410823216,6.89106528483062,4.88422522912562,6.18020106124658,6.37589006278671,5.68754296885373
"445",6.67059714184081,6.51209075851578,5.44190291833421,7.26499990600209,7.88605997930862,5.08302475951508
"446",3.54375321664774,4.01784237028752,3.68480759106364,3.40048422688185,3.36691306791249,4.8583303836508
"447",3.50817091559682,5.62036133335461,3.90244705836683,5.37583622840308,6.94188379398209,3.53705039669792
"448",5.59239184043609,5.68576550751414,6.47311081084164,4.88461276991608,7.7583212120046,3.32927168746748
"449",5.8709609194554,5.73212007902895,7.070238687104,2.44774447847583,5.29636113718855,3.76959249494643
"450",3.89821239454298,3.27810816433203,1.66205992908557,3.49851976892509,3.93829245088744,1.87280565022994
"451",3.07492699864431,7.5834829157328,3.72475295955001,5.82571182166054,3.91573662307994,4.80475876380276
"452",2.8099099695126,4.19413821476897,3.16004499130211,4.59745442562962,3.61404033537544,4.06759068734848
"453",4.63625913998349,4.71771535219752,2.66793596109705,3.60579532685394,3.17735655479,4.21213433366973
"454",5.27088254530192,4.7550773713301,4.1788675971793,6.62245417872801,7.76624546614069,4.44216501296589
"455",3.9629219727606,3.53891311998383,5.09152918210178,4.03539054442728,4.24789632914965,6.12702026128962
"456",4.74103317798966,5.43391772567109,5.05925918211092,5.87808245325315,7.98095459948977,5.66033017327218
"457",8.01196451428011,7.16438072480979,4.89830119704898,5.77196867619572,7.72570763591757,6.71608480470124
"458",5.22840087798735,6.31497349768985,6.73992827502445,7.12479917802112,8.26829505274251,4.68622776160572
"459",6.4120379096621,4.56000531075347,3.21374510223489,5.97742393884586,5.88951888415796,5.85742269911262
"460",3.29124457324306,4.34013707842627,1.81244749510463,3.96815895701862,4.20023266548321,2.04344760599657
"461",4.82978219062209,3.9084039967244,2.4275636713011,7.25193023913348,6.55390134863951,4.68764917176065
"462",6.23283120139004,8.14440637333577,5.50756306659635,5.47820187131467,5.49205948860129,5.73840126210416
"463",2.77757833785555,6.51668214596009,2.83012740307629,5.61204218591342,6.67285944282912,4.46097479257748
"464",4.59826821464163,4.17661134799,3.77837458617651,4.64307330648481,5.18299183111847,4.45772638143972
"465",5.9496056681341,5.86078939140088,4.46703783330015,7.58546402824877,7.6810701037702,7.15891803647578
"466",5.53724767936986,6.68710823230905,5.219732220653,7.42225681543984,7.62273550962681,4.78664967057552
"467",7.60954454561071,8.96631008590863,8.02276020992631,7.14933686315936,7.40399034536755,4.54324296969323
"468",6.7895566268607,5.95995089864306,4.35555892030791,6.58097829986401,7.71061576167854,7.31541199144284
"469",4.66351361449828,7.65955907525386,4.68224955512748,6.90965259755571,6.23621460176135,6.30954392008277
"470",6.75324128710393,6.38832577242822,3.60517195116258,5.5801976969654,5.94819806427018,4.62727875257402
"471",3.67885988141348,3.78288932224751,4.44393836598829,3.63542625770608,3.67055291253188,3.69045868966622
"472",2.95385027774321,4.72532518313835,4.26936178837253,5.62255766153323,3.25090253493076,5.14687129315505
"473",4.72529497586159,3.47871182928078,0.965431861367736,6.39313830829909,7.50830460455668,5.08366428434783
"474",5.80722262569274,5.53159316950023,4.28414493059028,6.98124054162221,6.27844069688432,5.5845920880233
"475",4.83398949130752,5.82500155406082,5.71147568982716,5.49516678782046,5.08591703689167,4.86848945694874
"476",2.65231039384292,4.85154416810204,1.80834784015284,6.01062427108765,6.38642551027716,5.00254974042482
"477",5.01770690417439,6.42061097449439,5.10676393543967,7.09090708648091,6.63251036993236,3.74199163644044
"478",4.6100740045708,4.09037567651553,4.43724827331131,3.37020885790695,4.78740388806287,3.64321993389327
"479",4.19905081315597,4.98833584156566,4.47133427276072,1.87841384881711,5.32469977359956,3.82950239103502
"480",5.03378226189419,7.89274230639517,5.75323470947905,7.15947362332979,8.16603009029693,3.88974968596995
"481",4.20093734620332,5.47496862139912,3.2465650343387,6.26745858845759,8.55178389672843,7.01792739666125
"482",2.86867030422681,3.07773142095174,3.77296388280008,4.50529398953288,4.68658147888032,4.72147619840184
"483",6.6335504783973,6.04649215457075,5.10076190865778,8.44530840995754,8.68460913958552,6.07286179137451
"484",4.56562903128595,4.68691460949512,3.76922781589677,3.84223571795003,6.29923712587686,5.23633015920334
"485",4.80368046390785,4.28565888913674,4.32446057117862,6.02993946185868,5.25718932129345,5.02285953342883
"486",1.2925140098322,2.05227431814191,1.27211863704856,4.24986571317099,1.74180416866744,0.537026764700933
"487",6.69287376172804,7.97152019045694,6.88504450744633,8.02656637875301,9.97389847492894,8.10778868137995
"488",4.67483918824336,6.10098057339148,5.7754339104105,6.5284301113679,7.61765864453889,5.39415094408371
"489",4.25694662611829,4.23654603747756,2.27752143931986,5.2593772724588,5.72638498505522,4.67426691281239
"490",4.37671312763438,3.12407051657149,2.67539753685754,3.46372606382177,4.98553071303445,1.96403287681011
"491",3.57039819553277,4.70178479712311,3.34814323449837,3.58341278273308,5.97220543327961,4.49303442520699
"492",6.91155212133715,7.61216035723812,5.24169161598005,6.7293073180147,7.11345559100467,6.39114586377373
"493",1.88097199370319,1.62926641796788,2.15262800491926,3.78366207338566,3.80233101602903,3.76192409384721
"494",5.68843553161896,5.70114719758849,5.52556934928172,7.49358849904652,9.84579701917012,7.00658130742969
"495",8.45657647070323,6.93693491415282,5.19157713980971,6.44337590135741,7.14781876926429,3.95929921689682
"496",5.32408459397187,5.41193284454215,4.15647619135737,6.7712129684263,6.47046852444775,2.8817105285337
"497",2.91917860487057,3.06546700761322,1.24266930843423,1.39163960907058,4.89325873735247,3.46664857949326
"498",4.20734236914867,5.13425036906853,2.65510843003518,5.7542781014449,5.68535793256019,4.0491986418535
"499",2.17324627435484,5.70492271681771,2.9817195592805,4.93742755420952,6.12023025549306,4.00277315342262
"500",2.32622971551731,5.27032290420978,2.65292743240257,3.59213650352445,3.54840139627983,3.00107130647441
