"","COG_T1","COG_T2","COG_T3","COG_T4","NEU_T1","NEU_T2","NEU_T3","NEU_T4"
"1",-0.950062712570561,3.42155450124556,13.3229207489722,24.9879791999776,4.91944730253304,3.25361397166599,18.306954787076,27.8012733441737
"2",3.80003353731814,6.25515428405686,12.8993306026847,13.5374125653473,3.24212667006699,3.64873500221333,5.39553763698698,6.12215323159424
"3",-2.71257910225242,0.668427637630278,0.030069890779254,4.48297437843505,4.20637141282453,3.41260261881267,6.21286552655787,4.37241863731605
"4",5.43344072004545,13.5082571433057,23.314834994946,35.6031867639153,2.07696760779538,12.3145399170311,24.3261850004594,30.3408658168743
"5",-2.62150424160238,7.10631596955647,2.40516455646815,3.94035345545989,2.81191753651909,4.17191260325679,12.2316998393667,15.4235758336699
"6",-3.00456126956462,3.12291253788561,5.46409303506001,12.4996102213204,6.4328553438531,1.86920661300551,5.97274694155829,7.59867513641673
"7",3.9008727702284,9.86117079203857,16.5255916114901,22.5856429163612,4.76908716154625,-0.83291011020157,6.72864502766874,16.63635092489
"8",3.65330983920507,5.05294170194915,12.5211009873026,17.8247115673654,4.34938384109676,8.85291738818751,14.4641346349127,17.3338001071356
"9",4.07992182027862,1.98667884979178,13.0977881387117,19.1487983347707,7.42257105858281,4.76773746538531,12.6218525981165,19.160224441557
"10",1.43387765971397,9.96132101611697,16.5882897156647,20.1836395103795,3.6703942944886,8.94864862944512,10.4854728592116,22.6566562306672
"11",4.94522350426125,10.394665427196,14.8034384446639,20.0224808087003,2.54990514692703,4.60888959861399,6.38443299644769,16.2014217627276
"12",4.19771553075345,12.9146058829297,19.2955680749033,22.5013442992833,1.797635369885,6.80964319972595,11.6757777853899,20.2032457839443
"13",-1.55609684790202,6.06016594596681,12.0980510309593,24.0191901022241,0.969714193478539,5.56555186098265,14.1282996261057,19.2401874942066
"14",-1.65632439158429,4.09481618748189,5.15570172741692,12.4852805388204,-0.550506923082568,5.31062562327265,13.1791932110987,14.739877914576
"15",0.374073029965561,3.0795473544561,5.0029143345468,6.25151130687959,2.99276405635909,-1.41433442361257,1.96790770172785,5.84024110143091
"16",2.43823612374381,8.7077435721346,12.3466998463142,17.2710318189,3.05045783197204,3.61694572852795,13.6694390510691,7.32965275172435
"17",1.60182180220316,7.159880974564,15.8292243483315,29.7401663331244,-2.48824686966901,-1.90144779028847,3.1000712038504,12.2907414453388
"18",-0.376612636518315,1.52591049455624,11.0228131394857,25.7905620988257,5.05413785131826,7.1190531033044,13.5387824835268,22.4914657872501
"19",0.927358444721011,6.3078556764744,11.0367081992173,22.9022963690557,0.751950059480444,6.24193935598476,13.7228604069909,22.4987581336716
"20",-1.86327079120111,-3.87322783451595,-7.42529246545103,-10.4599042205451,2.58421085123437,4.79504541043075,-0.328799806988108,-5.91148499198233
"21",1.2839578133579,2.80283868630911,4.76062804503437,9.88267474650491,1.85875360789263,4.82041920454137,16.0793303682127,14.0647726275169
"22",-0.790619279690445,5.63180270715176,11.8430200021779,20.5910651300788,4.06176623737817,1.25522758174652,13.8415800414178,16.571712712484
"23",1.9946213592519,4.05399055748416,6.98230611497586,16.4588334065302,1.86445152791802,9.23608515440459,11.0122400009002,22.4192796888246
"24",2.1176936608843,0.574409089811925,4.60494854451648,13.6667013533573,-1.3771208280728,2.47240434644695,11.2934598817244,5.91133334087221
"25",1.66120222678706,6.7184671679847,14.3699162381794,23.3913533516536,5.24468623323069,1.79111118783285,10.288744204448,18.6593604836347
"26",2.2888092792651,11.1878972678328,19.3782742787564,30.2541562240169,3.16918502561606,8.64627659425373,16.1181606798936,21.3879791262527
"27",2.39713449830605,6.2451650515193,8.98817196498226,7.37718749671488,2.96478895239797,-1.19734443509481,5.95973258363063,8.71398226410437
"28",5.3056155364558,8.42541766992733,15.8260828177029,21.9541888476941,2.55670553233007,10.907137379356,13.5999722900539,22.5171824734943
"29",3.76025088027489,0.786125112659902,9.09825330321425,16.6426901255381,0.0375665557129417,3.74578489900691,7.56773124662361,14.2404229028802
"30",-0.489324153714826,9.50135605382143,14.2961960152908,21.795289806808,9.78376740841111,11.4543053258691,10.4966836534949,22.4379940416666
"31",1.80151751542558,2.53156965767341,5.51576426054613,1.36871244205543,0.945011364159213,-0.499599544222725,5.6277988616345,4.57209027098419
"32",0.460185410699859,2.85867346828947,6.48900270166406,21.4536997900811,-0.280440864129472,8.56288036185836,14.5770206303678,17.1549914799469
"33",1.2527375574635,4.47193432747721,15.1773637889649,22.2786220850495,5.01288912302063,7.47798441609894,9.73107743543256,19.042286425372
"34",-3.45756459410748,4.63903944974951,6.99997654399681,15.8736401621197,0.866223667887982,8.89110538049664,11.0694567381605,25.3906909609713
"35",0.406662637497942,6.73668283200194,18.2137771942478,29.3767298478066,1.28313363526032,9.98293304787275,19.8629383469876,27.3333976659564
"36",2.08517925791693,10.1569429847643,17.8831928905763,29.1146869700178,8.04548696343538,4.75513897354607,13.4977652585566,18.5879799620371
"37",10.979788995901,10.204646007374,20.8716775205665,36.0509416284103,3.32396345629337,10.2669124471941,18.2913152336801,31.6476126311685
"38",3.24122792544712,8.27356967550037,14.1440612515182,26.7402660572031,2.21561484173278,9.61097232376406,18.8165730117107,24.7160322911174
"39",2.10142070924527,4.08814355420062,11.3648666943548,19.9796660864564,1.40492196879864,5.65906119520425,9.47971904970416,13.8614175855614
"40",3.5229914635583,6.73787149323128,12.3862717821394,16.1936343451712,5.52098622870261,5.01535992307456,10.4611183169061,20.0487699124665
"41",3.07410325317308,-1.37695769475894,0.939279080738618,-0.027855853389406,1.03065579827717,3.27234526619992,0.428137371336461,2.66032022834336
"42",1.61237882895581,2.96533711513361,12.9696600565652,22.0649568275439,3.50137113508725,12.8825576346362,16.1309232846894,25.4979400775618
"43",1.07510981611828,3.89213248896005,20.5075207094336,22.4328823785695,4.46772291532115,2.54669084263476,10.1950313229557,21.0730529817919
"44",3.83444839118146,3.64397876172648,11.354643736863,17.6051603875674,0.144166120372326,1.85775040094084,11.6361537019121,16.135307614983
"45",8.6067566302575,9.94368163894764,17.527461490303,23.0613921960908,3.27220784502666,4.25365051778096,14.2667888823693,20.2125315795407
"46",3.90645469019154,13.5059293415081,18.0657135008854,24.0191740153732,1.1797172677965,5.2997504974044,9.61201538489511,20.2394127155068
"47",7.18923281575523,11.7729187025327,20.1440729121414,28.5812356690892,4.80800786939724,5.84039886580755,8.79620743709748,17.7944652046622
"48",7.10476456434368,6.96332207445814,13.4984911451383,27.6559432928476,3.63721795540613,10.3380790099164,16.8598647653029,22.4583127044735
"49",-2.83380665216753,7.09552277168994,8.38805368847258,20.0433878149347,2.49546176078777,10.6015373768537,15.4115251316369,16.1417408152158
"50",-0.466128386557488,6.37131010603744,12.7078592179298,15.9592807168462,6.99815310002276,6.89425259049137,15.1399540987031,17.8266034266021
"51",4.35887418849442,16.8677049041228,19.0151178263412,35.6772614026526,7.11478230981993,12.2023998590087,13.9544285816742,23.00744637689
"52",6.34806046788358,7.2271314437924,11.6332227322003,25.5927921320232,0.67360982291386,2.75413429771378,9.57821577623203,14.9255069962799
"53",7.94659617857477,5.00459504880692,18.0001461777384,29.0726953758409,5.27205254050009,4.22362618743368,8.31989505877821,21.7558145293898
"54",2.87319294289775,9.56325029989759,18.6073534903066,24.1851322017452,4.43080489581109,6.69576454378472,13.9756463793935,18.8790490309623
"55",6.28996760324902,5.41254440214979,9.8559775207753,15.0513158264698,-2.71577475331871,3.83955844981882,10.0781398628415,16.3827948137439
"56",-0.770935503511541,2.69533263348391,4.07591509931893,8.27894724356206,-2.15168216152078,1.38346377207885,5.68596831596851,12.8447504019477
"57",2.20464426604901,1.85333406108017,4.26750350422768,-0.0883848854521965,4.29747831964205,3.52129743122732,-1.85206267231337,-5.03518070759343
"58",2.71721327504656,10.5203666610562,17.432917102744,31.9242775589717,1.43492605246357,-1.29117402876082,8.53326547989461,10.7154467851674
"59",0.47745845875918,-3.24202167882031,-2.49255550404244,-1.08974443897661,-3.73808835487903,-0.773679498740179,6.00461942171324,1.23969481315674
"60",-0.426470877387617,7.61141413352324,14.1303020501103,24.0160322940098,3.84527903159292,9.65441276195699,15.0605024180878,25.4266822560343
"61",3.59302476465491,6.47122674823093,8.90983019535154,8.07577046515372,0.0980194543582273,2.03126011696749,3.88054921033087,6.07649815539917
"62",-0.283475026739182,0.170967676691883,-2.81810185219944,-5.94416025386326,1.23903333810948,-2.28694580177426,-7.14355110712681,-12.3227033766103
"63",2.05171718363964,5.31338501516754,9.96592748222414,16.3395268599109,2.45525860789,6.43451408390526,10.2171536696104,10.3128319560853
"64",4.36488484649998,2.29869825275745,14.3201165240114,21.4563118013945,2.81599677729989,8.90396405293666,14.4353973940611,16.6483615315479
"65",6.5467434031955,6.36187116334193,6.82446923363278,12.2128561692868,2.07001861358802,11.2167520107182,11.1118265531229,13.0838576151205
"66",-2.94368568433127,-2.99936877182619,-4.09836706028463,-4.45951317258422,2.67544431821462,3.27067714562425,3.07707659589496,1.20873803090881
"67",1.15589139740037,9.80111049797911,15.260741017155,29.3838333833792,-1.00527364921111,8.16509587183408,12.2115702220664,20.2405170525244
"68",1.27272545000322,2.57558898779894,-0.116438827738756,0.928826781094038,2.28698751879848,3.98525021888674,-2.14405912169906,4.61319772468256
"69",-0.651467602006557,-1.25167796154112,-5.34009940497063,1.56153360420697,1.86332698254324,-2.11158562173924,2.90011185411529,8.97713301615353
"70",0.992367022680304,5.55778264200272,12.0953945444149,11.9885418493189,1.46899240756916,2.49693827110932,3.52122568902937,9.0744968315569
"71",0.813890999322719,-0.655484738062814,13.9055504926891,14.6900800646995,4.99858279838166,2.90019796604281,7.57254694564604,13.1098920300302
"72",4.23092207329821,7.27906235278961,12.6142748210579,26.3113409378827,3.32289182431356,2.00670745164158,5.56798201786436,12.6522341226008
"73",0.310404649894794,3.4142261691347,10.4512436659848,18.9031557483332,4.29176917560804,9.30423244082034,12.7246410553139,14.460077151418
"74",0.0116836393570479,6.18783455825515,2.99831711294582,12.6993003941019,3.85469645488532,3.52561075313188,3.42686694884069,4.99333599404179
"75",1.13644033971922,2.59883232685525,1.86041792692366,-4.44758879073018,-0.296226056409523,-3.78811608800536,-3.55905210441918,-6.35797626159278
"76",0.952421731707642,6.55262945573909,10.4554977116892,19.300720753271,-2.87750285882595,3.07961700328657,5.95231205536563,14.2081250509367
"77",0.885441199844147,9.22258820327753,17.1315636497117,25.1486927906182,4.08288507315023,6.53236043917009,17.8517219964905,27.2241319186137
"78",2.02677038061613,8.74763028042168,17.9604515873411,27.668485259449,7.33034329662572,2.11058405057611,4.05527042361517,15.2092279102684
"79",1.82969056127035,5.82269666356894,6.80736633807815,14.3231437556465,6.29262838903917,3.95211239383014,5.43112953743108,9.68655199818336
"80",-1.1183990535905,7.77964960377893,13.3015260098869,20.7347087377782,2.07152720956999,5.94683214695193,7.73208839177544,12.4073848540941
"81",1.40509695750054,7.20629231843101,12.6012204615959,18.5410567008537,2.68283516516455,2.08437847329416,6.23484098973757,13.4743509672389
"82",-1.10114549964252,8.99350924256989,12.1530082817081,11.2641526698762,1.21078014812969,7.26509394590215,9.44265112668224,17.6005508874797
"83",3.71336871325067,10.6366739727013,15.6912500104752,25.6029638686899,4.00285220415519,12.68895155463,13.9098576901853,26.6983706405117
"84",5.67142189077372,1.87072901913127,10.2787412709667,17.8130011367903,5.10567939319537,7.99559682213103,6.21454342544909,14.7106779483467
"85",3.31865022237989,0.248410982574474,5.37006334305927,4.4419182031829,-0.294284308578934,3.27996677863662,7.05111133876455,6.86866370636182
"86",4.43145499446003,3.07620981992464,4.05321703105746,11.8607289667709,-0.285985156667984,1.11931673342337,4.18365058077652,5.26368923096059
"87",0.385840674546698,9.20193547835464,10.8207243233329,14.1576806642162,-3.89159630270934,-0.216019534062662,1.43138785295325,3.36688261421195
"88",4.08783786068721,1.81015131829426,11.3297974555835,15.0982974989093,0.317360238097446,13.1261794409947,16.6142743986702,15.9083229597777
"89",-0.841864172473823,6.57372229265716,10.0921960756617,18.0146078061221,3.35061597505252,6.46521408750108,12.256460293738,11.2581145792842
"90",3.90731791439156,11.4603597503698,16.8510714125887,25.6148371975033,6.40192385464704,11.2981607882423,14.3531105816121,20.6000977757084
"91",2.36838565023104,2.99877189289723,13.0626608320537,12.2979722282978,2.96292856947442,5.65622519557858,4.45613903306172,17.7289166286904
"92",6.65399345784679,2.91871723458531,4.11979904807511,11.33028619225,-2.55917110767985,3.12910347603092,11.7540439681107,12.6935075194272
"93",1.5227202385822,-1.13020470693652,-4.42384524808733,0.288245572829943,-0.0277661441960073,-0.869513273244767,2.38665994490316,-0.799885950488237
"94",1.64800435838481,0.0861501313597062,-0.685922093465615,4.57381241794711,-1.93224418422992,2.45482869277399,3.52228327791203,9.47844238468341
"95",4.78253605768738,3.99313305335648,9.31969545291545,21.5754049140542,3.59811462537517,2.34441813059033,13.1505724967106,17.3024218306208
"96",6.88342355117188,8.24728264615718,7.39869549841833,11.4639722627873,0.843613093857965,0.307552330745034,9.02494962231767,7.96875584762355
"97",4.79497141102421,8.9209490526166,16.4480701903714,25.5105673345764,-1.86662425686521,4.13470043516386,15.77498207084,22.6982441734876
"98",1.04057010065327,-0.340326307405392,1.48221311778395,5.82647935016356,1.07020067869627,0.539952292880602,9.24770759922658,7.02583508083821
"99",2.72847154595539,1.44131854094184,3.99838203955629,9.95884625967074,0.251377126271509,-1.09508775389211,2.37017715230726,2.36010807544483
"100",-1.2122370395561,3.09447283682524,-0.418294024580097,-3.21450221044442,-0.980220807674906,2.87492396882921,-8.60412507958686,-6.53756651027949
"101",2.45732092456411,0.577187416091889,10.5263942844283,8.03691575089888,0.921527664878933,5.10669537611604,6.87740602296688,10.9039354414683
"102",2.5341452173113,4.63181033744432,11.2858742011377,17.2704263213025,6.22875200392153,6.81909345233978,15.3785120425683,16.9355670219472
"103",1.24554651246327,7.64856632930634,14.6783156324664,17.1688997066431,2.54819041785463,0.0686623515463314,5.76075350595328,7.73652048376737
"104",4.50354229445941,0.118776904255024,6.95739616724533,21.4832267628308,0.508223205744869,6.14381823490581,12.769395578244,19.8602325694617
"105",0.0361472282220285,6.34527788969933,14.7095807030254,22.1744051255807,7.58744898227093,4.924088969902,14.1536625331135,19.9765264704257
"106",3.65360126183029,6.35034893526168,7.11954735086776,13.7727454533083,1.00971024092777,4.10552701019002,5.70012738340386,12.643681807974
"107",1.17987847251703,7.86740888824943,11.409452889542,19.2616338303066,2.28957605769411,5.61600510050803,16.5406838210642,25.5488364996887
"108",0.567680185286481,2.39433264723152,6.81647775407108,8.15197963292517,5.29078416968933,7.01541409699619,15.6094618608721,12.9951102369197
"109",5.31607115766858,8.07762542107758,11.3275779151531,12.1794493054935,2.39299676651066,2.47951897831456,5.90330391821153,5.87078429638505
"110",1.41782778107009,4.12214520009488,8.02453396936255,11.8179102958496,3.63060170456304,7.67484071049632,12.4734444299542,15.5157915165577
"111",-0.943311664652151,6.5516151709212,14.4129131780869,16.0705268928904,4.91931892776921,3.09807286224817,3.65756027598886,16.960517666673
"112",-3.56023288920657,8.61537980113837,13.3476453893143,19.3295897350601,4.83444059074309,6.88748548067854,10.1130637970111,20.931616075855
"113",3.49786838484013,4.9743966631181,13.650935377723,24.9988264241876,0.463358811241079,7.44961580453306,14.7912472998467,25.1267605202636
"114",1.3647900022306,3.24442676375456,4.22190974396478,5.92186751151054,6.95914397871133,-0.118993283579666,6.7138278179305,5.68752139501179
"115",2.85557863087033,7.72678518169901,12.3211110177756,18.2449976265475,1.72312506694607,4.00385313620005,4.4572085029569,8.67200541074464
"116",5.86434799465036,3.28612110755132,6.83447019673711,7.34795788765637,3.70036242991538,5.01931549417789,3.58784210795092,2.95512970438458
"117",1.23615963200487,6.29922044334213,15.0877934565731,20.3913034956625,-1.32253022011075,6.77770958919252,21.2124738595579,29.1965616667879
"118",-0.469933172467858,5.87325994772097,7.09681146601824,12.6096021227097,-0.637820843299985,3.53449097348974,6.37682133889345,14.5201226469121
"119",4.74771971997539,5.1738819553642,7.72965291008577,9.5891120792734,3.22578061591943,-0.268822275961936,3.58601585627562,5.62650820781949
"120",5.97932103306919,7.77479264234369,8.3675472058398,17.4791990447237,-0.699133217742781,5.80306644780196,6.82018352608433,11.2820186286358
"121",-2.61853325674983,-1.50806857694589,8.23018566425374,16.7883585318987,1.60026722641969,11.2865997417721,14.2705157839991,14.1619519860062
"122",3.92038709924097,3.0811437506502,9.5004059544184,24.7256853575314,-1.98000665312306,7.95091381204522,11.2914741048355,22.0260487167422
"123",3.9060281271274,0.103045200475458,-3.00580006997128,-0.0760242162555294,-1.80731966795979,-1.42188882130627,-5.48365789881412,-6.47375758560162
"124",-3.48774170017504,2.22013022782586,5.76599492430054,7.83330297597354,3.11721394164631,1.13966443234275,4.07848444735959,7.95431031286596
"125",-5.82951066531109,-1.24134333487592,-0.337625354821895,-4.5345823772297,-1.75925041036193,3.57356872578242,-4.15474378737617,2.20517436355669
"126",3.70529657249513,0.299900937191758,3.14415198445962,10.7097152704207,1.97225148170318,6.83133202154517,8.13428960097557,20.528981416698
"127",2.93254410736268,9.22651309967064,14.9378214254398,22.398474136384,6.73785223222712,6.18691272967838,11.9395766678239,13.9123761314834
"128",-3.85889752094986,8.45006143046683,21.396415377809,29.1219401438359,2.86002658833861,8.5471573957088,16.2694266478136,24.7657563956442
"129",1.27749514589744,10.1726483047799,10.9993851467871,15.2594046236035,6.58972039654953,5.62363362282986,14.9725899790591,22.6165216856932
"130",-0.648525721195758,6.77751986621326,5.2031908361715,16.4582525596979,0.473840865790343,4.83619202272494,8.52478249727868,7.78234756776336
"131",3.3982554829677,3.11418611847358,-2.85656329175774,2.34312144316288,2.29866978196083,8.14420148292586,8.40086538550873,6.23783158163005
"132",2.14586992446848,4.14966065669558,2.94249789166714,10.5350549175325,0.739719661814308,6.63680221946357,7.464524283725,15.579293494944
"133",7.28022313876862,15.9787136103045,16.3457787496584,29.505487196408,3.48849547814656,7.40307134454776,8.65492330977016,19.3268664060556
"134",4.23838626699581,2.98454214105809,5.74020042414339,6.01347745597725,4.86134676458527,7.95080412625862,4.42912482385073,8.24882265174273
"135",8.5658887781234,11.5580906775546,23.7292112513013,31.6728405182685,6.30813218214806,11.030316864499,10.267254849498,24.081892192044
"136",4.30530396864027,12.0100114442303,16.3684493314786,18.8045326404457,3.72849433598529,6.36514690554026,4.27274003422915,13.5076714847965
"137",2.18635758009413,3.66412136923652,10.5427404986229,18.3378312917617,1.73432770975078,6.8751558263865,6.93799799869116,18.054705909871
"138",-0.705198453854451,8.46268588503623,20.7970960604215,33.1848074793918,4.75352527243681,12.332648036134,16.5566058755653,30.6433302796339
"139",2.31328113697339,0.139388186817748,4.4895348682559,6.76238174373568,-0.463582981910567,1.8219326878478,1.75068240647048,6.96331070868547
"140",7.00499555597659,5.14907769134844,10.4629071798177,15.891642873672,0.279012415774873,12.6784715354302,11.0665181322279,23.7821470365334
"141",-2.30090795063264,5.27420360110484,9.41545755887338,18.3981305068132,2.85958146719193,6.87161068555388,11.5313320012712,16.2200495927385
"142",2.03899722838086,5.02964566546547,-0.14302705397383,4.67825426785651,-3.36608953287536,-0.586643520036834,1.55062287280033,-1.17768036131147
"143",2.10740904329211,0.1425832660512,9.07271783593489,7.57763124635719,-4.25885261972556,7.84700953816163,6.79449513419326,6.19713188985854
"144",4.37778722742952,6.94468738322811,9.55711063938377,17.7551775763687,2.88073914950725,5.94956482497252,9.91934078414208,10.5202812479389
"145",0.177412662911702,2.34031878181078,4.77946262090612,11.4813982692559,4.55980973341507,-2.34428958889571,4.08831977825314,11.6721743997177
"146",0.81243203328999,8.21781840213276,7.45629639510434,14.0471100956584,0.282763233182717,-2.78610750517339,0.733554493702984,10.9336877459961
"147",1.78698864165414,-1.19608923377529,2.31743536559588,-1.49672647011574,-5.06142388880436,-4.64353594897913,-0.157854867680928,1.38746379608071
"148",4.59670131607845,4.42806589883979,7.72597564876882,10.9550069035834,-0.0527151300070869,-0.545804147987806,8.69458070702733,12.7180315033941
"149",-1.04073814931258,5.2486756684468,6.28450034634209,13.48263819399,0.243217542374312,4.99139472629779,4.95292058517792,5.35822772331567
"150",1.68439152087071,3.70547293979411,11.6294282566221,8.08913789710368,3.47244892893093,-0.619893249376364,9.49009210862058,10.9826925840512
"151",-0.374884889724536,7.75612354619042,15.3342987124087,18.4222627299704,0.0821407466518751,7.94737428453945,9.59360902423525,13.581256685539
"152",1.28568001335041,3.04537704503792,10.9300536751249,16.3093070624189,3.15082207457723,3.40140612119385,8.31462948614803,9.06270030327137
"153",-0.839419410579498,2.21134895761011,1.82365213112227,-1.57694541064615,0.527158430996254,0.726236435519674,-4.07722635280463,1.50474775009401
"154",4.87267850830594,8.05017308868166,12.5981334131586,21.0186981050318,6.62381040306399,11.2669125694433,14.1921323825519,20.7543013768991
"155",5.94707137922884,3.78972059478842,8.77223982370696,14.5776710091508,-1.76050764672031,6.01684772098684,7.80096823066333,10.9288518528401
"156",1.46759261599601,3.92868496874775,3.38668842650357,-1.67988592152462,-1.15882633174969,0.294068004094265,-0.590671116440758,5.54051200001953
"157",4.48365823463272,6.11912493305167,9.26929756843766,12.8621116978733,-0.281694269957629,9.71034983995317,14.4006968502516,16.1344699517647
"158",4.53006231879953,7.08445324923386,16.9940782795356,25.0852126505218,4.87555934653484,11.4385951313547,15.2992557745308,18.185486530261
"159",5.83524602519906,7.38964029664683,11.1337324592047,24.9522136598882,5.67965278930225,4.16835891762748,15.2918057773596,19.2361651565977
"160",9.97521558280582,8.48890288234102,8.81132759478631,15.9240268880192,6.5526537835282,10.6776602601755,12.8466826745432,15.6729510146621
"161",5.89245155478752,8.71462685141094,14.9417812650228,26.6952363730933,0.880359051737624,0.354886459624198,8.36389946596914,19.9517225463311
"162",-3.32785287375224,4.82785141354167,7.00403244196555,18.1857386931236,1.88780777359594,5.83189510528876,13.0754307029161,15.8114245121916
"163",6.14616009732095,7.43301205281444,13.9442577566676,18.1352195121916,6.26526109863055,3.69093590598874,8.20730698780138,16.682003136843
"164",4.36897127900598,3.57214120814257,13.9604396023248,19.9597463575107,2.85473617808677,2.64668661998513,7.43304525193916,11.1191113138978
"165",3.97928450116534,4.14473516586305,8.85685056640648,18.0951230499792,1.32777193709243,3.10410193119084,0.917797962935365,4.15873563398137
"166",-1.26664103229479,6.68363134305657,6.35084474698187,11.2971878297736,3.16907848886968,6.49535522142182,4.99744332293153,3.04982011586185
"167",0.495056090239412,2.12115361155869,3.21792381506425,2.33307232099497,-1.52542295345658,1.69501942205522,-0.727245848992341,-7.04690536944322
"168",3.89208193411591,6.127037883612,12.3701872957279,18.769171141782,-2.68151890691649,2.35782109166448,7.3733184358155,10.3157029363466
"169",5.73173161356743,4.52254123623122,10.1245759908206,10.0107201539399,4.64333474757399,9.62690530039669,10.4568760292198,23.3155386459452
"170",1.20865978066724,5.45306209769258,0.925605256628804,5.27450190178451,1.32405879985392,-0.0356103503218916,-1.92420978322616,-3.292808919685
"171",0.214389476320168,-2.12667546239296,-0.530252922986334,-4.84023975391697,1.89114654099455,2.35593799582385,1.86708246414148,1.75657189877035
"172",-0.139140521760679,3.32378540396098,6.91675275826308,13.8021480688187,0.275354343592907,3.3395447806599,9.32161644701779,15.7757554048732
"173",5.7117390478404,7.9134083275048,12.6069047054517,19.606579733461,2.93549534993339,3.65982609640952,6.50378011041433,15.0789245699063
"174",0.0579644247400044,11.0262419069354,19.4583142631806,34.3033012781645,5.86555284386986,7.05898168517822,16.0997721073233,27.7850332045605
"175",-0.815538670086764,3.51788300065408,0.204136341445443,3.85998943364323,-3.58268080408799,0.046022147863515,1.75920894577108,-0.405202932032626
"176",3.98803751610181,10.9594640131008,11.1417130398891,21.4063022807045,5.52467230854195,5.08674815365625,12.5886165260478,22.5805387773171
"177",5.61756045785399,11.5590134436812,16.738572433394,24.3549307786598,2.776325209827,9.00573169186038,15.1563079838586,20.5913788070059
"178",-1.44648523949021,-5.97038076698414,-6.80604928559464,-17.5444516117689,1.35445657941658,-6.20396503692878,-6.27830955027298,-7.65847850341126
"179",-0.7054017334488,3.80960875721836,8.53013090215069,14.0883140222048,3.66233000781328,4.47517031452408,6.85161889536544,9.7278272287585
"180",-1.48205196209163,8.09612141459027,12.7104674597988,22.5237913619841,-0.513820406925715,-0.100700035798646,3.60414940431162,7.89815246757039
"181",3.18503862220578,12.53653887565,25.5330909438223,39.8133031318606,6.3683988605284,14.4008571365047,21.359181978415,36.161217778405
"182",-0.514278895350416,5.09785305999987,17.2432647196497,20.1693779089906,1.93997592428626,4.15780910351177,6.1936101403025,6.86734104666985
"183",3.21049452940126,-1.72601409624153,-0.671712834587611,5.48124240449375,1.04219915175982,1.20512428200411,5.45527051196946,8.46970699359651
"184",5.99106465291028,4.63308329157722,11.0602822864651,10.8925476639928,0.0609346012865482,3.74893977977535,4.81204554488246,7.47595619600052
"185",-4.70926216711993,1.56139891498425,6.78708992365625,11.0514323086176,4.42848676987616,-0.61692030331001,3.34814725194683,0.570888284970469
"186",0.748843999762155,1.13726928132708,-0.534197510565848,-2.52702172886269,-2.57743278118528,-1.37348853964006,-5.41196279505224,-3.31369917520574
"187",1.0661570822127,0.447304587848043,0.781949413125377,2.79997664882703,1.52438870896209,4.61189528807677,1.33260948774033,5.95333271475251
"188",-0.676123952247596,12.3157572683998,16.8107632908476,23.7652674244139,3.23147939742787,6.25035048072527,8.82295615513964,9.52985577458205
"189",1.76270865247171,2.63551523830313,6.82979091230874,5.9341579073155,-0.825529177824273,2.26122060297268,6.12325212565871,8.66474515654642
"190",2.85343996928415,7.98362887803374,14.7914053105702,17.1370389125413,0.701591747248643,4.61188862989194,7.62453862988991,12.2119985213783
"191",8.32778689675219,5.52311142822162,10.843916883043,20.7834251220218,4.02116088736687,11.852344611836,11.0079874137543,15.412830042591
"192",3.38084660169754,10.8282216671135,21.9041604796019,41.04284429379,4.95535268421551,15.6245568973111,23.3351145577306,39.7244157742565
"193",3.615013333593,4.69029123339268,8.61566404916652,23.4902500368127,5.55103732035427,6.65100062083884,13.0509129090393,22.045548442628
"194",-1.70576748962599,0.82218071772328,3.52983165090349,6.51837531376843,6.96356390920221,7.94899389661527,10.8324792628835,11.3781825013666
"195",6.70092374192391,-1.67505859369447,-2.8386430485177,-6.84172287769794,2.34362919330236,-5.67053563795846,-1.37698218019306,-3.59693548743815
"196",4.60779580474505,1.87686579991264,7.29426965921651,13.1244821112199,2.97974603692075,2.94830452320398,1.52306192663464,8.19823920669429
"197",-0.286012268063983,-1.08791473749529,0.855059755435331,3.92393349310276,3.34241762828042,6.28258514532516,12.8113543127571,12.5981434903947
"198",-0.122387513591491,5.40392262433742,11.0604444539879,28.8453265385501,5.88406629550828,6.47722036671221,11.6921915413188,20.5331236224875
"199",5.27627773731239,1.28609963105935,5.66828311482112,12.4196383474342,3.53791937099116,9.09715959505363,11.2841418197175,11.2635729259137
"200",1.03398350244922,10.5770702302227,21.0067285160394,29.3579103191112,7.26579386606131,14.5133710709036,19.1262506692185,34.6628080255905
"201",1.12175555478801,-1.85300282363443,7.29756548601772,9.9430253780732,1.90634777612166,8.01448002154023,5.5865869419926,9.69440313011468
"202",4.6357250089863,1.30776637740548,3.82581473439193,2.43523521138169,-4.36848186580052,1.46925950092407,8.76887450411037,13.8455933313272
"203",4.83603762167444,3.62075812292468,10.6361845036136,11.9620190663429,4.1900139598438,0.210595483581109,7.55474320122165,12.363014444476
"204",0.830872847978412,1.88221909286995,8.61788185825103,12.6612412460577,4.90245516626501,2.5304579335106,2.50133611159396,2.05934548500939
"205",2.31654152605957,6.27960989007789,5.95238477984364,13.1620755778,0.602317243652187,-1.39450817308474,3.59900569816569,13.5008507323133
"206",5.48576639267801,1.97014670611418,8.77402299248666,7.23316462171115,1.65278778032823,2.28612800266343,-0.721875692544439,8.12252880644934
"207",-2.45552479674382,1.97022439649692,-1.4775519102104,-4.72654405534674,1.23428428972838,-3.10889329311878,-2.21204561650498,1.82667376651188
"208",4.36247042604129,-1.13434158523541,5.89646667175199,7.87360553969966,-1.14181276614502,-4.0520962491614,2.87599517522027,1.09567003119181
"209",0.71895594205949,3.61743613923866,8.93119160002936,11.6752365310481,0.612667900383237,5.81350013829773,8.95753090779403,16.193844363448
"210",4.80703557970822,10.3460560690569,14.5376612186638,30.0392381812833,1.776322208772,1.76249509011853,12.1007706021954,20.598763455795
"211",0.693174546129149,-1.47047644130582,3.83424312590728,6.58032860401411,4.68598676653191,8.33267113335721,9.19153296996878,14.7148136980223
"212",-1.05506581148788,2.59193709676465,6.87847202186767,16.7964918307181,-4.8132604665659,9.68328116807022,16.1615734276335,19.3784292478187
"213",-0.111807607146419,1.76559301158576,1.77448026268249,2.47446697045682,3.6410337729004,3.69095856155176,0.666826592543738,-3.15338555883949
"214",6.22888315062226,8.55075068882006,16.8451698003918,30.3576224947132,2.40270497094868,13.309321219867,19.3313224393662,24.2765164336467
"215",3.19086841782978,9.49271974544433,8.85005411652342,20.7412507163153,3.26036684238085,7.6900352817788,7.49348631075993,16.3423386213671
"216",1.32622950129648,8.7124895459694,7.68012828520511,14.5752639742379,-1.71162219473888,-0.222017580241545,9.15254731839595,3.49805350391721
"217",3.27471640706632,11.2051766865744,17.2857242800779,21.8138173051426,-0.264618456957709,3.63720957985835,3.00026232091068,6.34239413734892
"218",3.57736964821147,9.05808223667959,13.3662976704413,18.8047354920158,-1.03198394407295,4.33035632405438,13.9355908034589,18.5213267292147
"219",2.99402214039755,4.70919895379725,14.0377877596815,15.81892407537,-0.232763649020444,5.71216096893931,9.39111675556347,16.8431371684028
"220",1.85812792045739,3.58593316938278,-0.264650172330482,4.56787825657695,-0.49855782229488,3.44935011469056,8.74027703031564,14.4746228095399
"221",4.41905275706683,4.19279406724876,8.24464140683475,12.248171761446,-3.45422938650668,-2.98210308566196,-2.17579662502423,1.98945521058357
"222",3.75541690759511,2.05470353952848,7.44923249868724,10.8275004831307,4.61437468137285,4.1310060945036,3.60264849091963,4.3373982920575
"223",-2.18642895329619,-1.89787472109152,-3.80344602630644,-10.3714002792885,-1.08013187519245,-3.77562790728908,-2.42791269311055,-0.424635948715512
"224",3.2959901837466,1.77783661343272,-0.862361305511566,4.42738497502479,1.19564408709225,0.888090117607041,4.87144554252363,3.5196613825018
"225",1.2563396331937,5.55500653799985,7.99789386651321,10.5788875251069,3.14574797090995,5.59053142378998,6.43744439475846,11.547771490698
"226",2.89693778487864,8.82925453846878,12.2894833568354,23.7832076095844,6.19480401803574,8.11680852845634,13.4013474109271,13.5761369638514
"227",-0.437725699434139,-1.13881719840628,-7.74482530285938,-13.6307425469968,-0.030862940068705,-3.14048562856611,-5.02466903980765,-11.3095964661984
"228",0.685040382316044,6.29832268902681,2.99423321862089,10.075402355197,1.2441545137127,4.12088180530472,3.162132945609,7.22322619412307
"229",5.51811701988807,4.16495684078854,16.0863088208145,19.3584004650052,5.9403431687194,9.68565083419442,14.1828016793257,16.8850978543965
"230",3.17030289431753,8.28933778754933,8.11928952481696,13.798297549414,4.55935610880647,0.142319092765958,6.50640197436667,11.205225102392
"231",3.86930653985217,5.39265955089649,6.41465562266787,14.7925812395261,2.5693147275787,4.43010674687996,12.6105791210082,21.2646644021947
"232",4.1229742313081,6.48509673890215,8.75929634123132,12.6736976032502,6.82297878822132,4.68908560296219,14.6454052118227,18.3582135845353
"233",-1.5338702023584,3.30057381083011,7.00786688884648,24.407184187206,4.15617219859919,14.7220826592548,13.0503574571594,24.6140920423109
"234",2.12955182637122,3.64576093300726,10.5183068507975,14.685806300187,4.32346631949206,6.6990666624365,8.00508131700644,9.18309032195947
"235",0.515453435650974,6.79438819118554,11.8120619126779,9.0620084973886,-1.10832246643025,5.66755835406449,3.71731723740888,11.6826278185919
"236",0.933926149150863,7.10943776595647,15.1300964142898,26.9276042270139,3.45708814177589,4.76277939807358,13.6714399631468,21.9649927178652
"237",7.40405556432303,12.4099131230086,28.2077892242627,37.5137872229161,8.74647604723189,19.7198298593387,28.5191609010088,43.7026604392769
"238",1.84917786922708,2.84615360233086,11.77406419134,18.5166669636612,-0.135271311528413,0.0938532362911246,7.0719902769649,18.1445969907068
"239",4.66356674074601,6.18711950347166,11.2712889437076,11.5951160078211,2.68751375212903,5.02564070699579,10.638072413414,12.4171338935434
"240",-0.87077750739024,-2.02623911352489,9.38372052333162,6.95200495957523,3.45433913808069,-0.706034139956131,5.97489433670875,11.4045809197895
"241",3.85988658900876,1.48224917789168,0.692752911559772,17.5846626402768,-0.689922873964695,2.50622757698495,8.12961393709505,16.6120072064021
"242",3.19771120215031,5.05924570519152,7.91995045552592,10.9525962818076,2.26233249380735,3.99753101140176,7.52429033519678,7.63668499951438
"243",1.79838791609561,9.25911784230024,11.4332786733925,15.2476461085555,5.40183977483119,9.96931505068349,19.5286162353238,31.1802733678722
"244",0.144304620301379,1.348736422395,10.886331803472,9.40382009072024,-1.4376207310322,1.61309011292133,-0.0727125793725332,6.80861981422066
"245",2.81225589010956,6.94444996185238,7.2065504491803,11.9842005859063,2.10402318730831,1.12978911502967,2.49100182035804,2.06684835017098
"246",-2.62155825012976,3.41974044464175,11.0022542618552,10.5882805105372,6.81125326264208,4.31014090343293,7.01934307219794,11.3772382627265
"247",-0.147160545859987,-2.67215265241526,-1.88451108094516,-2.71038855177889,-1.93159743228032,0.550580122448964,4.04209479547703,9.88681310545502
"248",-1.89973738831022,6.09266792453639,3.89590577960397,12.2450112622971,-1.52383007649458,-0.764342791963412,8.51485756733245,10.8726199877662
"249",5.85691252557356,3.45677564069156,5.65479445994923,13.0669801791011,0.907459995997951,5.51919496619463,6.06683684280198,11.7283294263355
"250",-0.87085484195291,1.84816708060895,1.73870771182536,13.6211223820028,-2.91149256644749,1.12125980800216,12.3328417687673,13.0669772935623
"251",5.24840606894856,1.95469351360653,7.93089716747755,10.6265838053534,-4.41749222563612,-1.25959272564767,7.9233871648309,10.5479325798538
"252",0.372178089872985,3.62795461369243,-0.390537252310596,6.72196956468744,-0.350276888317506,1.88126514099083,6.37283631896967,2.47705635270993
"253",0.981360285279731,4.10918649174012,2.80625224291114,7.08711031799577,3.93505960183297,5.93014483742916,8.59993182323176,13.2088066188017
"254",1.64587664828713,4.53322152536113,3.13189672263903,9.47239209881578,-0.0461873201775056,6.92775788768288,5.04693198203303,6.71359460269092
"255",3.8290286557749,8.6997583209513,18.1165707764454,26.6453146263191,0.634797837158217,1.64864889463275,15.0107405540979,21.6103700324482
"256",1.67618979448628,4.47265649241561,6.62244140655547,20.4602005552069,0.913751276837572,6.15767726257013,13.6243698294416,15.8010450065513
"257",3.56072671295579,-1.04075867435926,4.01246203391802,4.61092636508894,-1.18710218478197,-0.581391252516431,-5.13377619269526,-0.30601468038644
"258",4.41977998351495,12.6433840649201,18.2607007795277,29.8929191028271,0.323092734309428,7.99835309232355,11.0919513273537,19.2654966091117
"259",1.38529522418736,-0.125913392393662,8.86442936098224,14.0935753976094,1.28931950530893,6.83548905755118,4.20214135252807,11.1176550521674
"260",5.43625609714747,4.26276331274941,8.08247625517103,14.9765095594097,3.72096670952948,0.277288159377694,5.01963941008979,6.01736043548041
"261",-1.27091126575531,-0.709068202182023,2.12828560978921,5.52144968799845,-0.721074590377312,0.570089586110392,6.42818672160891,6.6159927180177
"262",3.77657056346621,8.08365195975442,15.1747099132213,14.7825033869232,-1.09177311446997,8.09462710661073,8.73929502421671,16.880088549082
"263",2.32865873761047,4.06589965829926,10.3215545598545,15.5531928808494,-2.17387076724679,-1.2237144566752,5.94184926350506,11.8448128501426
"264",3.49226243796444,0.749185025514242,14.9073347952136,30.286626591389,2.29255234895789,11.7826171652632,26.8725696854273,28.8273445962171
"265",1.37697019889459,5.84928043607639,7.3621889760664,10.9982106179405,-1.25442987381586,4.18382724374733,1.54754044069138,14.0613717364144
"266",1.80362889426277,4.45867728412887,7.2295426592327,18.7919206225812,0.262731922280074,6.21643070197301,15.1291483345115,24.5082185699381
"267",-0.541365525894047,7.70285460245828,8.8599036477927,18.3407304177242,1.54088108752311,5.80147141930759,11.5770040600597,13.4621111106694
"268",6.16332290918858,7.70161863206135,16.9570230785327,26.6808007208867,6.1116513983273,10.4943563193802,15.4841847418933,19.8175792426616
"269",-3.76861503305892,3.67730080599819,8.31887074956145,8.91641388774696,5.9776083934135,3.95826781289546,7.04861601704004,11.5454311652909
"270",1.49804303654435,-0.35797076326195,5.23925868258481,4.62063046786709,3.45766494996036,-0.483296559265568,7.58082458293751,12.7388715503361
"271",-3.17113553319749,-0.383478367430418,2.74325753327994,13.1209977451768,0.623076916400272,11.5769325100016,14.118631109867,24.694875195915
"272",-4.7344344771541,5.20444896997884,1.48619960718732,-0.298520074190906,-1.40418063039706,-2.82420342777197,-1.09485338749427,-5.77042676634938
"273",-0.33380477127147,4.68102934032993,5.93700158143541,8.52382006054492,0.314069026989924,-1.82719612541735,7.38397133348688,7.36944270178808
"274",-0.840757662812497,-0.436948551455489,3.33525887719289,2.63561770302343,-4.23162695460735,4.82958420216084,6.95655326468491,8.23488725871099
"275",-1.60398042824609,0.403236237754431,-2.34107144503713,-6.09374651756462,-4.74036626768075,-1.53533350037888,-0.749288874752146,-2.07598405339998
"276",1.70877093315879,5.18259722354164,16.2503746439844,19.8627508487869,1.32823543851813,4.89775548249164,11.0362622715788,19.5900593963533
"277",7.23795737866053,6.68897788180301,8.08215187924253,8.59472566219413,1.35041362705322,-2.77952805486432,0.751216320641358,4.76368095860328
"278",0.111533874035079,-0.226105240329148,2.71710897984931,9.13084324221564,-3.20136200631825,3.0739978437379,3.06886807233693,3.2093486502401
"279",6.98093201867179,6.9315553583526,8.77300755177913,14.820038953571,-0.75078144592803,6.0999400233407,8.74458236440937,12.2382398747969
"280",-1.84732539644567,3.01718250066815,4.80738951217736,14.751095177185,3.92028072288835,3.73378939584106,5.04681250707607,10.8930537732776
"281",5.47697383646584,0.643345309670724,9.57888141638634,22.5982462639166,5.02973381019389,12.7837651093943,16.0926214984829,25.7801027551747
"282",2.85612143227036,-0.175049077407421,6.61299435968109,13.999768447473,2.20512222688739,2.74555255872044,2.98838508556232,8.71696563018671
"283",0.964540692769595,7.06371935886679,14.3314001071538,28.4739825443115,1.47353110367518,6.52795913024759,7.48646612854112,13.9159828430835
"284",1.38661856716957,5.6260817124553,4.83182176788432,3.1964093173461,-0.120552214079496,2.51769847693593,5.05926829437888,9.43580947111487
"285",6.20905286846532,6.70028967261047,15.4734867522066,20.7508919891941,4.00213263120711,7.59720948244755,5.76986832902637,24.4992984370368
"286",4.48786090667428,5.1252095512115,8.03773607199045,11.7408124427264,-0.565165014196661,-1.35872489012567,12.3018302863196,8.32764175820795
"287",4.0912605677872,4.80637038763277,12.0860825240208,21.3023506475541,10.028814292408,5.79610932604043,14.9670074985542,22.1500974951438
"288",3.33127171260574,7.28421187955963,19.4899156865168,24.0685026811237,-0.118015357804082,0.422800556218754,0.215921431883588,9.18623570397574
"289",4.58371619413725,12.2071117769284,19.9271280123137,29.0447719266381,0.826077861692492,7.30238414854838,16.9225040837949,24.8544105315667
"290",-0.688375760384224,10.1700245410356,7.85367068093778,12.3679027029533,1.40675299871818,0.977936250356771,7.40760752147918,13.9141445142714
"291",2.01727840154011,2.46287884711687,1.41464701712204,4.08794417351338,0.146138241244747,2.87072730524436,5.72636266635184,6.42539089304826
"292",5.85305007479571,4.23127536911517,9.55236884088122,13.3154406751151,3.51910654335263,7.19121971279661,8.73839958486125,8.30203586109356
"293",2.0784494498547,7.21919689541545,23.4888847885954,34.204092403802,2.89557393612712,8.18502546960007,15.1154540704776,25.3694176152436
"294",0.662619076658679,9.70781600712789,11.1250998886767,18.3119238313212,3.3762025058106,9.3804841194539,7.92333377444759,22.5200239584665
"295",-1.92430252125011,1.28307008508189,-1.613090043569,0.155590081636758,-0.170004401394807,-0.795978927099764,-1.31835827149365,0.749268977971152
"296",-4.33212372022553,-0.567197839490848,-3.90858793662643,0.0662005700854529,-1.60613202801326,-4.43451576294288,-1.02994571830345,0.290345076430597
"297",6.29877289937813,9.35160426927287,15.0720957830554,19.8183851168428,-0.268914441745944,14.5776070749028,17.7974160145178,25.5780759613778
"298",0.230955620546067,4.66317868387784,12.01432705224,21.2821344982017,-1.75114167787044,4.30359539972031,10.861920713481,14.0431863193228
"299",2.33484018768349,6.2493376190353,11.1372070594375,14.0068981233325,1.41460283769688,0.849196455683143,6.72438166452276,5.20716120827013
"300",2.26115565573095,6.998444273667,11.1614371916729,14.1161190091503,1.68507428415524,0.146135457698919,5.10603942786855,6.98344882069422
"301",5.54997706806389,8.3083785827855,17.7326353327821,20.3224197593675,2.01302789579504,4.80090498323786,9.7793751265541,15.3244511369044
"302",2.14346867676073,15.3254191395505,13.8030891335178,28.024457257743,0.962977344510389,8.08593046856804,10.7607861853502,16.2109490112747
"303",7.49203519168594,8.11859160719236,11.4380649448557,14.1228644958629,2.02754004749898,4.37395337661028,12.4054844353238,13.5130771801711
"304",4.5424415349963,-3.74907637802361,-0.379040139755414,1.41626979274692,-0.999165549643223,5.37063219245952,7.88807435680233,9.64243654933893
"305",-1.63497122457435,5.05956225164608,10.9754528796921,13.8830047463446,1.12107841168554,4.92949831237213,6.85212411174581,14.0221307820913
"306",2.95753891894784,5.1449548729352,11.9245685217972,18.2296083337384,2.0010679687509,8.50558440985627,14.4814979697226,20.5691073334692
"307",7.18943231916156,7.76394290528061,16.3148189324289,20.7123172594789,5.65058283009816,4.68715893579918,10.2363177325543,13.0310685152559
"308",-5.25323719818016,-0.497816774495679,0.273299241872559,1.73872179172442,5.33210001924258,0.229746906633379,-1.82201974853848,-0.778219862740482
"309",3.06472940244044,3.43406195078418,10.2379689031904,17.9220634334608,3.89473430792952,4.4458377151824,11.8282940544591,19.8085960298451
"310",3.27435105969169,2.76635144814281,5.22863749785042,8.75576990149256,5.86170916203587,-0.332455490897314,3.83920889676918,6.24271029148954
"311",0.305133942548851,-2.14730044446668,1.91095725264729,-2.34550465789387,3.54318204076253,1.46266570108368,1.70536609338375,4.0419760553566
"312",1.17644690663972,4.79691841883519,5.20209882114974,8.07873474121858,1.48694891003672,8.53498720115248,7.76889433920055,10.4621684567312
"313",-5.87822537007164,6.31828629938397,15.1750102354225,19.9085331455651,4.25159023126017,3.95187579468971,9.05613442043861,15.6299334241158
"314",4.28736557610682,6.28891633427284,11.8392126175516,16.7275141782331,-0.113922453131043,7.21506362638231,6.98219549772895,10.2590606492
"315",1.11357246572706,-2.4122329383502,7.0490683360303,14.880876418207,-5.53448072437396,7.02396927372587,16.5569980107345,26.1155863547896
"316",1.94379577322028,-2.23474729484601,1.74839072489408,6.2657172779177,-1.78023195945984,1.23188296092559,0.407558658331915,2.8878320702993
"317",0.425494454599484,-1.36436065572559,8.50094174315311,20.3354538775171,5.10917663521746,8.25924705834041,7.6255285025833,13.2574104020424
"318",-0.819929421020453,2.11477506878491,-2.595675451494,2.45190226248017,0.125925680876671,2.09797739733768,-1.46488418489447,0.466966081059137
"319",2.41960093416362,10.3777415947823,12.0498715769073,21.4560647558859,0.760347561372499,11.3741147800823,6.59956879913214,16.8861115597423
"320",1.98707891170747,9.75372384053163,12.361631450002,24.3249279802807,3.01356425572532,3.99071447635625,9.5470473980541,16.5807750489321
"321",0.286269008787645,3.98661431338291,14.6251356695411,15.0709228142228,1.76640361243084,2.79930518567151,5.50563722311092,8.64270777094978
"322",4.33115834969201,3.30671717965358,9.702426212489,10.0753574595364,3.59106669368082,9.70310004236642,10.7613574500854,14.5096326036603
"323",4.37533178087978,6.78574858160511,13.8181600783745,22.8567949140758,5.96287887424807,8.73641004626268,9.06112502900302,12.3346209053853
"324",0.902696320773612,11.0630669768831,18.2008681627708,25.2936329501751,1.83590010459606,8.8586041639569,18.2651350026023,30.2207676579445
"325",5.46452954922622,4.92229085589176,6.43695062746979,8.82133276492983,7.51958221614431,7.45318519926806,13.0347620883106,16.0238784536196
"326",4.37227078316107,8.35754910842834,7.8219744065214,18.3205171448471,5.11890623877667,6.74989592822188,14.3144876815697,24.0582643068174
"327",0.746195490824494,2.67086706156409,2.08839647168087,5.75339814495049,-3.52748245228686,-0.972804511596848,1.92484982091738,5.70188694897114
"328",2.44579490059012,9.85701589024263,17.3041909079919,23.3775343226062,6.7936881971126,8.48934585420476,13.0051092007194,18.5424449570852
"329",4.23155334720039,0.692289906475308,3.82098314548212,9.05693638665131,-0.140498531691605,1.22206413621932,-2.79927065963326,1.76986176530268
"330",3.65702781697009,6.77282484445789,13.3023477071317,19.9624229095108,1.27382589833583,-0.415050314541351,13.503338610919,20.8605171175728
"331",5.75383877050603,3.38378100767934,4.99564554776048,14.7309840202913,0.853538040165275,2.37280135602122,5.29048544780072,11.171352701203
"332",-0.705136987685816,3.18053142568456,2.69519497587652,6.38454458296397,-1.25243114238947,0.289561178073448,3.01290356688671,8.29737558158332
"333",7.4642635115902,8.97180270945165,12.7773956090714,20.5139680679445,2.46463881556155,5.54201793337605,11.7135533824018,14.715952437404
"334",0.528276750253051,-0.661037505061488,5.32293959512578,8.67224486958378,1.91383381564984,3.09177983652015,5.79629685105796,11.6734350991384
"335",3.81156519276504,2.64798888679233,6.57628588113528,14.9814721223813,2.53935850792128,5.43185699573547,10.0823053001319,16.6184434053901
"336",3.64215147083086,9.06067009336757,10.6348077027852,22.6760200144392,-1.27487588324575,8.91341100046261,14.5713191948717,28.7715398469922
"337",0.62256904918589,-1.52428022210784,4.42900696318792,13.3128754642217,-0.147670141664165,4.85802249364147,12.8022593662857,25.5579481493739
"338",-0.257620420325972,1.51499595787945,-2.03144334147608,0.339445313949884,-2.08512081735704,-0.36395067082673,4.99994805282691,-2.28841341613011
"339",1.44252746743896,4.2535898056028,12.7929328410036,18.4791193578044,0.245171294965494,1.61737781412354,10.0224827170025,13.5517299532751
"340",3.44730120288522,11.2466350659827,14.5827613893161,20.5420743347425,-0.559043903318426,8.87827071454885,13.9133706239469,19.3311007224998
"341",2.62197272849709,8.14385073762348,13.8831990145715,18.8898477596362,2.34768093607032,2.10178289141321,6.06040804652696,8.50513192950457
"342",0.395572461204956,5.80141700795502,7.59448895182153,10.3393681974787,0.687670882599928,7.49843130078859,5.42336023187317,11.2140862848297
"343",0.500100080634511,3.27914522398186,5.07630326621587,7.62359303810064,0.298515693775511,3.17288674358281,10.3938125926212,-2.12839546031044
"344",-0.208333487718437,3.03811821307907,-3.52185766933349,5.95283726365115,4.70930309917012,-1.13439839889615,3.66751219773018,5.40654538143874
"345",1.92836307804733,1.00855944326803,6.90559595118867,17.7064161624879,7.14510335592811,1.23238078602959,7.87204263971411,11.2468819085734
"346",2.40104350302965,3.98869393093733,3.55053989047795,8.94613339176319,-1.55781869606601,-0.0402986008904351,-3.96316958138128,1.42978609666712
"347",4.27888127637804,7.36821172191092,15.9866410990593,19.6160211493403,-0.148473431594489,9.47366173491465,11.779178021877,20.2525128160354
"348",6.54033573154024,10.4809592805782,23.5402440327221,42.6071901948014,5.33799929612603,15.068199316451,14.9489830993148,27.9166401592903
"349",-1.21634112137641,9.43348499148539,9.91765378712646,15.0218553974249,2.52645490924994,6.36839475694589,14.6997866351137,20.0394633736068
"350",-0.996231789642295,12.2544245196311,14.280788988963,24.8916326069843,-3.03274009807426,2.05983638987542,6.21138854072776,14.0666883281912
"351",0.0443849934243725,14.8206936241734,24.5613000371257,34.1897517911418,0.223353804151021,14.0460629565592,18.6221754817092,33.6316177078533
"352",3.27563216159332,0.359538959906831,4.64565077877084,8.86752865984449,4.61524188086848,0.698530599903579,4.76583933095748,12.1098801426621
"353",6.81814671058286,10.5795144590179,15.54483478481,25.9676442081854,-1.02657005783889,3.22806378367857,6.81264076795812,18.0601877830391
"354",1.85903164143523,0.777475637550169,8.14778376458825,13.5705919697748,-2.59051770071632,5.17509428351752,13.8159468698197,20.2350293124492
"355",9.12946528359928,8.50624678631305,18.5945145835829,33.317679449871,-4.10944198114293,6.99415967230151,15.3870929912647,24.4325203018971
"356",3.91182487967751,2.01290301708135,11.0074102875899,9.22161954401625,-0.106487891673354,3.62773370659104,5.55239954764057,6.40663481193889
"357",1.8239964160794,-0.632146396932266,-2.36082763377926,-3.13236976801087,1.10092777305446,-1.09419118013973,-2.70479643600305,-0.657097678059724
"358",1.45981780567239,6.73194278281071,17.3517383389672,22.5498383069479,5.30256564489012,5.63221649640611,13.3140148093097,19.5264438585309
"359",7.11153665500267,12.1419422451935,10.8038892087673,16.6240473091823,1.03255565431441,-0.861003976571177,9.80643615186683,11.533592460672
"360",0.73819312137386,-3.19987562125916,-2.65455373118922,-3.4268405301207,-2.29706234412804,0.525353246982678,-0.859215995306212,-1.97536728559302
"361",-0.836307011708564,2.91175912476946,7.18553098910798,6.55357902618667,1.742641363047,1.53728964713487,4.33598053807766,2.66979104375771
"362",1.61883103232111,1.05942530980502,-4.65333277739297,-3.97056716797881,2.98820257644989,-0.176887346451285,1.126288244011,-2.32841020459353
"363",2.49556900334409,7.52695463711441,9.67304078013103,15.901302104505,0.632569855933331,5.63311232529795,6.83800601917657,11.9496178445274
"364",4.05174381203972,5.27509098274813,11.9260072576744,18.9581358475833,0.547040882002423,0.283809526731951,4.61376209391948,14.9969750770646
"365",-0.335970910441142,5.09915777531746,8.51858849762376,23.2347065478818,0.0977870699280015,3.27288348039168,11.5417747425144,17.7757018104861
"366",0.441137148694089,-0.0259677630399748,-0.995197274738446,-0.211113313694716,5.23623435711734,-0.172618103937592,0.364304490550508,5.07932457916984
"367",8.37770080782757,8.513683797688,13.2753107562166,27.0517235329346,-0.990976018700125,7.78913030276587,16.0107257854109,25.4862903229335
"368",0.177341717131883,5.06903732974527,5.78987860399105,13.1733946487481,2.78306452239838,3.30709207480424,7.78513431581772,9.91935879669901
"369",1.26152369964464,8.63804261773893,13.6309413413653,20.6924904671211,0.2311519741939,3.85132867178655,4.78161841426376,6.95496375266785
"370",1.14797435701596,-2.50779514882161,-7.05059302366755,-10.3652031789647,0.58973899858705,1.29855376668931,-0.248198598583494,-1.18260830500558
"371",2.88992815525171,4.34653518533197,17.5061151661096,17.9061925983809,7.15535560540311,8.27322843317477,11.0547281336738,17.9545841823614
"372",5.37222779748433,8.24366594077868,22.3707724294388,29.7183953416661,-2.56370896142279,4.92551290468495,15.177636136932,24.9074762032575
"373",2.51337277477831,5.87450505762824,4.62457869546792,14.8254172650847,1.53929320663205,2.15031066947858,4.13399899805067,13.203470432874
"374",3.63755510092563,3.99717553257372,12.8739858374091,11.5533951471198,5.52644009688914,8.26883208084706,8.05247032161082,14.343309932732
"375",1.4540231344662,6.9768342520608,17.1840087593575,28.1577734173301,3.55280803359078,7.83745643200038,8.68374405104182,14.7128864243073
"376",-4.46437583549272,5.24618009359792,6.70424169272251,11.2813575757147,1.64009890705829,0.461414596508772,10.1842862120161,16.3370053502237
"377",6.96674197363826,8.53895403681777,7.72201458795874,16.5135405545794,-0.560825093440104,4.17292435853397,12.5523081889141,16.2307099691279
"378",0.0752086067832514,7.56999998443878,6.96451983011966,18.9941216190994,4.1697296474529,8.83217891718682,11.9297810129252,24.5341934472411
"379",4.26627010556855,-0.16396163864153,3.35996252956162,8.16736500594365,2.75574489061041,0.378576331144088,7.10383702418823,14.3734886321086
"380",1.90479767982244,5.22919308193977,7.51358671231836,23.4820603209758,-0.328988018377245,5.82027255579092,8.63155499755158,13.9324437745054
"381",-3.05737796750859,11.4952429452464,20.2719974457347,33.6241808537737,4.89895377062171,8.13482009611096,17.4731210510106,27.460724117607
"382",5.06669600390028,16.5622651269472,24.8028232234192,42.156412473676,0.12701796337102,10.2534141430503,24.4416309191982,30.5288568770731
"383",4.60981405390846,6.20960545941886,15.7619816335658,19.5008832347932,-4.1055754869657,4.25456687182812,11.5915563718538,18.2110306754693
"384",-2.59209774623164,-4.40357428109194,-4.2268557347631,2.9147918539725,-1.45380377573543,1.84316540052638,0.943988805582749,4.94641098324493
"385",-0.81619764159106,2.35266333056666,1.92473332602461,-0.217862880214835,2.26043222900132,3.36120173873374,5.75668587959601,14.7784485469236
"386",-0.283230768737969,1.50679892199132,1.13279809970246,-0.00269133803299404,0.0969790252165168,3.04184215217593,5.07639810964537,5.69484257986865
"387",0.761479501368894,2.92126176818574,10.407743378529,9.46086089673594,2.82846985270417,-1.89535196489774,-2.53252556246792,1.13523321471721
"388",4.20966068324266,5.34062758143084,5.10575659056854,8.15231251287633,0.534994718785821,4.15799915148301,5.50745959415025,16.4331574822619
"389",2.86622466710326,5.69810801406091,15.3248358916167,26.7709183979884,5.50582934343706,12.4955472444983,19.3184481296631,27.7172502301292
"390",2.33829519039558,-0.412963644576751,9.33395332677725,10.4682810762647,1.46296397016623,5.55451090062467,4.63730134760489,16.3356286328423
"391",4.98555043313508,3.79978738760696,-1.38482999790842,3.53911572464,2.03521114387218,1.17716822469382,-2.96630449305551,-3.10608813093679
"392",2.55262328482506,9.18324198521221,23.924890449165,46.0461822854388,2.90288842983628,14.8487018380995,25.3880491967529,47.773454750053
"393",4.03090659304777,9.27249298306653,17.4942167615956,14.4943922116827,5.90907695653659,11.3308066412366,14.7391853406709,21.4460574178918
"394",0.251328911511016,0.625392185805097,1.06583530663926,3.47106125173299,-1.46132594391898,4.0736368745385,4.94663234451352,5.22761055058502
"395",2.62810287869086,6.74565040729474,7.34920194206929,9.26131120283259,2.03306860275397,-0.867160255406186,6.71013981709288,8.34780679288638
"396",-1.19323942159151,2.65427351693457,1.96374407363479,5.28889871223766,1.48648685825185,2.62883840664719,4.65026230502504,11.0723877001692
"397",3.07552982958903,0.194037381139064,6.20691457975628,11.7361083690776,2.32974195228891,4.85069138969192,7.19982271804604,8.30878437915448
"398",-1.56930548907718,-2.09046742459915,5.8644299334492,12.8591878402411,-0.361192229501824,-2.19326930098863,6.89089198682317,9.3422600605206
"399",-1.3941228341353,2.20695426811939,3.63378798315472,12.8096936131342,1.86185769907102,10.63869686726,10.7523677659807,16.7750181100254
"400",0.727630620890174,7.13452744927857,13.4790073055488,20.6549632713044,1.52143976107862,8.3373046266633,18.1733845651617,21.6908573603217
"401",-1.28055815039211,9.79464048100726,22.3993117539537,35.7011061463552,2.22377773615453,4.79399568120153,5.89348173053829,16.0516008868247
"402",0.203228346079797,-0.162133899440247,11.8529731216799,16.8025318767647,1.87775627246194,4.19026266957881,6.57294396485455,11.8319138693379
"403",5.35178192938472,12.1105389185293,15.0103181447009,20.5506187494277,0.334912172343836,1.1741553794925,8.16063843611169,13.6510221600509
"404",-0.388813791844139,9.50874054072789,12.2300400660911,21.0436302092625,3.35814335297036,8.0388010394007,15.7925962312628,22.278797380577
"405",-0.268556232387513,10.2756411630075,9.24843209521151,8.70574925726624,0.463198839167365,2.3146032990115,5.27585204206883,9.91018184660671
"406",5.14882539569681,7.36265105534467,6.12896802554135,8.93567474254181,1.64121785564991,7.56425697207498,10.6858885867984,14.0539578045568
"407",-0.559107088812681,0.996676380450948,-1.92486437773647,0.767466514819141,0.976330379892334,-0.641611682471718,0.347488116111629,4.3089394112195
"408",3.3098508645145,8.40828006884265,13.0632826900698,26.6879268298557,1.57250111286704,6.50583020642244,17.2883763993363,21.4593150848095
"409",5.5589372312636,5.57524351237588,13.3107925584998,19.279558601747,1.83870564862824,10.455097252825,10.0225981000099,16.550049684068
"410",3.27028951124357,8.04211717254283,8.74471849490845,16.2958553847384,2.67224683868967,4.03572587264534,6.82297865412243,14.0776245920269
"411",6.90845729758834,5.37662567542183,17.0085486008528,27.4943527071063,1.95150798441201,5.69132359149216,14.8371149320378,28.2484129064865
"412",-2.1573175089715,4.26766884535331,11.3808429090777,23.8278091896001,0.455739469445141,2.9845491317174,9.61374373624849,10.7962290770115
"413",2.55863563919218,7.18814821302934,12.9514783505784,18.0588696930111,5.16388518894338,8.33593970043469,15.9034595016273,19.826046945488
"414",9.23155342574432,8.29933731369838,21.0104386310089,37.4932784569837,-0.282393852815721,9.27987793530426,21.9096483704426,28.507523909841
"415",2.81536480702108,7.3352559358202,9.75658167474054,21.0370832311257,1.64767160139119,5.62606070707182,6.79650171397604,13.9147736614685
"416",2.72278887242889,7.31106346951121,12.3267347341076,20.6802287054393,0.798240852600078,7.08968225339398,7.98619466394616,18.4074526513149
"417",4.03493774849473,-0.798370600349345,-1.20334895713066,-1.58160319048798,2.83511762773264,4.75064494203876,6.01763317719621,9.97926605120423
"418",4.10636303727978,8.145924184265,16.8273605152948,25.1397969531848,3.69457742642978,3.37054300142767,7.37596749307817,13.3357238233507
"419",6.77664525249053,8.3013274791187,5.21671993357552,9.52017755400069,1.86546793942299,6.28556849543673,5.73672856659488,5.82263960198366
"420",3.84298517502952,6.35960452518413,5.73941315813478,13.9838190181846,2.26373796590812,4.54681207479364,10.6684275130435,10.5735383855598
"421",1.07323698573245,7.15906185498875,16.5310188736249,29.3792522193185,6.03055596351132,7.31958145701515,15.3160994849287,20.5160685411134
"422",-0.749438050950248,4.34425408663929,7.15072535648286,13.2813745182855,-0.0314645136931322,-0.517267516043057,7.05866359340801,9.53389896942782
"423",8.08320426142665,2.43044965880097,8.47722881559362,15.0231437923355,6.8295135930997,3.54607649508566,10.5043033314606,15.2131305449054
"424",-0.972785130798889,5.20146326552953,10.2973884627183,10.7630482271685,-0.270309687964303,4.03043612212299,10.0710879224306,12.2899010100411
"425",-3.81581277954179,4.78637282971917,6.77151978854189,11.3505701599075,-1.6334266561025,6.76892891037382,2.52242787916331,4.81248092026079
"426",-1.42180877784271,2.61604876915354,7.32066307597226,13.182869675844,6.33153410429608,7.59981799138824,10.9302365220624,11.4186944266814
"427",-0.0791527814701931,-0.319343746325016,-0.559059938086737,-0.215988502848985,3.96671938851085,-3.28954173288464,-0.655026198384155,2.66081796246193
"428",-0.293631463080138,4.98145189885613,6.77485497453976,11.4069306563369,-2.11801738657345,3.52983174575767,8.2794993447562,16.8132566788261
"429",2.67289772739183,8.94461110340703,16.6698074022228,31.8899428114637,5.64412320496773,4.04526999074546,7.80875060181267,23.175132808169
"430",0.558059157477478,4.37956554854108,6.41382476886733,10.3819323228691,-4.00290444592409,1.02055481006371,4.24170819226695,4.58649175637919
"431",3.76463352980303,7.5921128433528,21.8424929173316,22.9871388599207,1.99083961059816,9.66243735258029,12.4619649611934,24.6068066404937
"432",6.68479394779343,7.50147648469482,17.7958106462659,29.6459929778852,2.81607287062681,9.72528161017795,18.0133625365186,35.3273883382798
"433",3.37474961309154,13.0607121471959,15.8447062622353,20.8634490148663,6.71353230612778,8.91659100558114,12.5093582714839,17.2526464849305
"434",5.74767312631245,7.75601576318288,17.9373777426484,22.8958098058496,4.59770292324503,6.7433660047718,10.5398587271397,15.6384550140437
"435",-1.75868578815546,5.24026335871729,9.38489170300596,19.8864640056008,4.87268954255097,8.71553589264581,13.3373626190456,20.1079208508682
"436",1.00921031049288,-0.464014763590462,-5.75859087792824,2.50023995721819,-0.67463596871907,0.897308132471466,4.11143468102186,-1.35267779267885
"437",2.35838702214483,0.755993816037094,5.76493974890661,1.16268527840767,-1.91393715382559,-2.94511916320884,-3.6310349829149,-2.59416704165206
"438",0.459556633454017,0.00105959588672011,0.328745318195988,2.70707558417621,-2.10356851316006,5.52960663463653,10.5544753397226,13.2272481491172
"439",3.35134093420438,3.65888462947694,12.4518912806285,23.7957816642921,6.22998856687707,10.8618227786858,19.0691674132228,27.6817124887033
"440",7.05736918003642,6.58176970936328,8.11820602788,20.5249791066234,5.21650959189777,1.63767564228078,3.10024215557231,10.0258393197555
"441",0.785827528642142,-0.512794460948171,3.28643311268818,3.97097502556533,-1.07963471928361,9.91756271405903,12.3060625950159,13.9245437125827
"442",7.48839496016733,8.50897410655276,13.6648345387119,19.618919143114,4.5342956451891,0.94661946436143,3.03574311101244,11.4219122009329
"443",1.26536196180584,2.62357833700933,11.7813033197191,10.8097014526142,2.53034094995917,4.29911340275183,7.02606304278619,13.1716666956927
"444",3.22241129400367,6.71400536840241,17.0657439584157,27.6504285628385,0.978460608045377,4.7385647095362,11.1795776926663,17.9660427274832
"445",1.69884162108042,8.16057144990768,19.0142058210485,26.796896251757,3.15201393853812,7.05759683887256,13.4930846982113,24.2581773313905
"446",-0.569706011940115,0.89664194209497,1.13072678032903,4.23926290983768,0.00145543460187492,1.4054540264055,3.96416477918377,-2.73961061614335
"447",3.63292510928143,5.79555190732236,9.05525641414008,8.56035279640039,3.14967820005125,3.50819974844851,7.41722751019042,13.3393104178546
"448",-0.413399600490156,10.2897794318356,15.9671972498686,19.0473668891322,5.4453217191335,0.932099841063541,7.94120051726373,15.2062695862068
"449",-0.151252166878351,11.0781504925446,9.98962938877145,20.5859835933956,5.13241751774228,-2.32862343348475,-0.0128592259303879,3.0018890045512
"450",-0.0014462790329306,-3.31848691196014,0.423897512089214,-4.9447389399345,-2.28973961329901,-4.08174719846343,-3.06893655476455,-2.41768299708584
"451",7.67916025944472,6.25100666447962,8.8857484189802,12.6562838025964,1.3289835630256,9.04988775411329,4.9569666419756,5.57800591870583
"452",0.559836937207534,0.707805617783165,0.771536673299277,1.49206875625667,0.393487362321309,4.63231516687281,2.36630517290365,0.162961093982233
"453",1.30717393080392,-0.221132631184887,3.45752274596058,5.77357795404187,-2.7044732978783,-0.431131810429151,1.53785677524135,-2.20074421518358
"454",-0.0106719910489455,5.69667936821569,9.32713132792392,16.1709313034553,2.31941143091042,6.93802864354192,9.12902682747549,21.8370030795674
"455",-0.0518202051684971,0.654126012467258,0.438763918915109,11.9668640769568,5.60334616797366,2.88785390162715,6.31749213694546,4.44989624909376
"456",3.13615292436044,6.72927107172622,9.88431105086358,19.4932841888648,5.75678277055981,5.45443378540001,12.756890696878,21.6601085694234
"457",4.31020770137383,8.71522186972022,17.0516373164152,33.4288547766138,0.846936921121749,3.7424821155676,13.9128776706975,24.1070348265974
"458",1.05030301933996,10.8097615316342,18.0169519122396,24.3479493991185,7.15669982859541,8.55376801151065,13.2939005209526,23.480273532341
"459",1.27970367462673,-0.104630633136879,7.72302195161942,18.3672135563104,-0.0509519122005839,3.7108433508628,9.49726449705788,16.389328090021
"460",3.08689442087532,-2.2038369362357,3.07654380920443,-3.79695206677249,-0.862205432866143,-2.86497573269088,-0.848100124776991,-0.826796351159219
"461",-0.42105152772277,-1.5385178941885,8.22326486051773,8.69092294059527,-0.645441087612316,6.46603339315416,11.8822569377504,17.967217697009
"462",6.08185931106998,9.99539073812659,16.5935054394763,28.4560959238733,2.21842721454932,5.65405811423218,8.60576958253977,13.1255479879204
"463",5.31607687978531,8.21274192676412,6.35102731414571,7.98577458441043,-0.415099853478925,8.35753208387056,8.32425805441471,13.9615683733009
"464",-0.300805540915721,2.61912487710011,3.55589044164167,9.77469150451637,0.931017872148465,3.08430544949207,4.05313641324845,7.84779968514707
"465",2.39498460503866,6.11459710500206,11.9834601024323,26.3313061328943,2.34348090426294,11.2689720132307,16.5002380959503,27.0308295748146
"466",3.40759846045447,8.50211456272348,16.2030659971682,23.6618250338707,4.25624713968312,8.9638546587326,11.2334294864721,23.3856420950148
"467",3.25693928655444,16.344430328268,27.2918276935335,38.573223149572,5.67281594649986,8.55013328636903,10.0420354396653,22.3133953674656
"468",2.00116231841837,7.48500393691886,11.2126192230318,28.5356391070863,0.494053176846216,8.96129985757542,15.0112446678169,25.9459412280156
"469",6.13489198865811,7.3347342895383,16.5552674788672,22.3745884340007,2.45639684619622,9.38455033334572,15.8199522257633,17.2476966977375
"470",3.8609677854026,3.45029571770372,14.6609093008554,20.3145070930262,-0.677707708925035,1.10185147784695,8.13406687560625,13.9171903906368
"471",-1.69703120335081,1.68623774569287,2.59666737744086,4.23551521713135,2.07094785335591,0.806338606531734,1.10561963435392,-2.18365091055066
"472",0.749957746426834,0.0477054308135676,6.14004997440135,6.61137802860956,2.62718897214826,6.8753070015302,8.07425116472251,1.09040535403624
"473",1.34517174673927,-3.29758740183949,4.34674392121493,5.35317296041037,-2.31681566470831,3.13873779710416,13.2837286376191,20.3845638231275
"474",3.07251161106461,3.1792283913746,10.2835038014356,21.7156446412896,3.2628703916501,7.6006484952954,9.13052430193853,19.7169329591743
"475",3.64464913121085,3.90093390397902,11.4998447247648,18.7718971996004,6.67227239799843,3.50239274074181,6.8898063414059,9.62941749544969
"476",3.27194433886751,4.40790206320548,-1.10588618454499,4.75600787475856,-1.33232571383885,10.5020073389593,6.57744948938382,15.6759799298281
"477",1.76352130914234,7.56659294068909,16.4310289930952,17.9631983927589,3.08393912790062,7.85436915703309,8.87671274593704,16.761605512319
"478",-1.11604295976766,4.06685586618285,3.05933478626753,8.48055899152375,1.62383607473596,-0.284928190563497,0.303521740386664,2.60460027893047
"479",1.13326385672828,7.82864215151794,2.53934635974072,8.49610242580274,1.11308994741294,-2.78965748009327,0.600783144811786,1.02541277194751
"480",5.38162133113288,11.311495528711,21.5667364812375,22.8961403685275,5.27060943523036,7.07543341918319,12.5547897795622,22.2530705416704
"481",4.16077401943633,5.67105126077981,7.33127107882875,16.6704289415879,1.66525870382781,8.11162678946395,18.3657911622449,25.4303643577648
"482",-0.370132986021928,-1.52999276803162,0.267968207752384,2.18617378226257,3.87996056678994,2.32730089536777,6.50596011235436,4.0484752390072
"483",1.51511222145015,7.2131104484945,17.2609979489255,28.6821801428518,3.61673411947652,10.9404319634597,16.7041639998037,31.3635181084006
"484",-0.325470326893001,6.27904753667737,4.48074557764501,11.0655245040762,-0.837497709443013,2.55801173612635,8.46168117961038,9.91095886436148
"485",-0.236411443619485,1.19512896685022,7.05492012633007,13.3752682044609,2.86938424010747,5.7059856614636,7.75764348597941,11.4861748356825
"486",-0.173322036779955,-9.99969340877324,-3.86589367611369,-18.6873816438032,0.725388501011722,-2.66337275680305,-6.88003534172345,-12.0593097861888
"487",3.58357354422208,15.2651555375921,22.1238879153805,39.5524033643236,5.3557942169265,13.6456230784337,24.2033809245885,36.2450370494945
"488",2.35737720327337,8.25495031618222,14.6429388595278,20.7908720549119,5.80310022127845,7.43165835959995,14.2722477193607,20.2902929478833
"489",0.431605028026302,2.1914615116972,1.71520102399782,6.902101002208,-2.23726390373815,5.51506173319671,5.61809602903255,11.5118370373615
"490",-0.921467170223571,-0.109994482775554,-0.211252936120731,-0.0569049577971157,-0.0826404423754052,-3.15408019176758,-4.14467064636697,2.46102482803805
"491",0.0335969112965682,5.13278264202847,5.04792173884961,4.5933492583205,-1.29290446608299,1.07156662827488,8.82690265524027,5.6889962831885
"492",4.37988212068145,8.75541841768409,19.7358418564463,30.6577144547408,1.70249390919516,6.97082418515267,15.5047565263121,21.8904023423012
"493",-0.860853012551659,-5.36182041522347,-9.07328663770029,-8.02712939187916,2.31659700366136,0.978833003820193,-0.476761567001002,-0.788172465330044
"494",0.457218003847919,8.62563881635259,17.5794543012765,25.9093378509203,4.34093689391697,9.17188294151048,24.0890633016902,31.6710828288973
"495",1.10374850964246,9.30838745355941,20.0305416859493,30.0823933826379,-0.0351338273503816,3.78374468176413,6.30281288710661,20.8476817593464
"496",-0.909449941600494,5.76112795444656,13.8459010270995,13.007593558335,0.124618306132845,6.25266365761196,5.95762770362384,14.8280021894151
"497",-0.248702313312077,0.80453327036007,-6.23287141927873,-7.33792317018785,-4.4845388180242,-4.77700254549349,0.295355913987562,-2.90147617143562
"498",2.67290802257118,2.95385905522641,5.05803687777685,8.62188719104035,-0.600595915799254,5.67683944393248,4.49190261666475,11.9651033084592
"499",5.92793987046129,3.8902529272125,5.29372997652342,3.09782037339541,2.55074391470703,3.66946329639824,7.78612723620306,9.16237516517873
"500",5.72201764178758,0.601839390810915,1.35851737555925,-1.09874054398502,1.49742336825209,-0.295833864785603,-1.11587796660391,-3.03174802409369
